experiment,morphology,resolution,transport_phase_fraction,crystalline_like_fraction_definition,crystalline_like_fraction_target,crystalline_like_fraction_actual_transport_phase,crystalline_like_fraction_actual_total_material,placement_mode,seed,eligible_voxel_count,selected_voxel_count,placement_algorithm,selection_digest,d_mobile,d_crystal,d_matrix,contrast_ratio_mobile_to_matrix,geometry_perturbation_mode,components,largest_component_fraction,percolates_x,percolates_y,percolates_z,phase_fraction,d_eff_x,d_eff_normalized_x,d_eff_baseline_x,flux_error_x,residual_norm_x,iterations_x,d_eff_y,d_eff_normalized_y,d_eff_baseline_y,flux_error_y,residual_norm_y,iterations_y,d_eff_z,d_eff_normalized_z,d_eff_baseline_z,flux_error_z,residual_norm_z,iterations_z
002A_mobility_sweep,lamellae,16,0.39990234375,fraction of transport phase voxels,0.0,0.0,0.0,random,20260910,1638,0,seeded uniform sampling without replacement from transport phase,ad7facb2586fc6e966c004d7d1d16b024f5805ff7cb47c7a85dabd8b48892ca7,1.0,1.0,0.001,1000.0,none,1,1.0,False,True,True,0.39990234375,0.0016868634761104395,1.0,0.0016868634761104395,3.707898692944552e-08,9.909475536761628e-11,773,0.39347049172541093,1.0,0.39347049172541093,1.0418538574791106e-11,9.681313615123226e-11,869,0.40025307822974265,1.0,0.40025307822974265,1.517537688100412e-10,7.99352984717088e-11,923
002A_mobility_sweep,lamellae,16,0.39990234375,fraction of transport phase voxels,0.0,0.0,0.0,random,20260911,1638,0,seeded uniform sampling without replacement from transport phase,ad7facb2586fc6e966c004d7d1d16b024f5805ff7cb47c7a85dabd8b48892ca7,1.0,1.0,0.001,1000.0,none,1,1.0,False,True,True,0.39990234375,0.0016868634761104395,1.0,0.0016868634761104395,3.707898692944552e-08,9.909475536761628e-11,773,0.39347049172541093,1.0,0.39347049172541093,1.0418538574791106e-11,9.681313615123226e-11,869,0.40025307822974265,1.0,0.40025307822974265,1.517537688100412e-10,7.99352984717088e-11,923
002A_mobility_sweep,lamellae,16,0.39990234375,fraction of transport phase voxels,0.0,0.0,0.0,random,20260912,1638,0,seeded uniform sampling without replacement from transport phase,ad7facb2586fc6e966c004d7d1d16b024f5805ff7cb47c7a85dabd8b48892ca7,1.0,1.0,0.001,1000.0,none,1,1.0,False,True,True,0.39990234375,0.0016868634761104395,1.0,0.0016868634761104395,3.707898692944552e-08,9.909475536761628e-11,773,0.39347049172541093,1.0,0.39347049172541093,1.0418538574791106e-11,9.681313615123226e-11,869,0.40025307822974265,1.0,0.40025307822974265,1.517537688100412e-10,7.99352984717088e-11,923
002A_mobility_sweep,lamellae,16,0.39990234375,fraction of transport phase voxels,0.0,0.0,0.0,random,20260910,1638,0,seeded uniform sampling without replacement from transport phase,ad7facb2586fc6e966c004d7d1d16b024f5805ff7cb47c7a85dabd8b48892ca7,1.0,0.1,0.001,1000.0,none,1,1.0,False,True,True,0.39990234375,0.0016868634761104395,1.0,0.0016868634761104395,3.707898692944552e-08,9.909475536761628e-11,773,0.39347049172541093,1.0,0.39347049172541093,1.0418538574791106e-11,9.681313615123226e-11,869,0.40025307822974265,1.0,0.40025307822974265,1.517537688100412e-10,7.99352984717088e-11,923
002A_mobility_sweep,lamellae,16,0.39990234375,fraction of transport phase voxels,0.0,0.0,0.0,random,20260911,1638,0,seeded uniform sampling without replacement from transport phase,ad7facb2586fc6e966c004d7d1d16b024f5805ff7cb47c7a85dabd8b48892ca7,1.0,0.1,0.001,1000.0,none,1,1.0,False,True,True,0.39990234375,0.0016868634761104395,1.0,0.0016868634761104395,3.707898692944552e-08,9.909475536761628e-11,773,0.39347049172541093,1.0,0.39347049172541093,1.0418538574791106e-11,9.681313615123226e-11,869,0.40025307822974265,1.0,0.40025307822974265,1.517537688100412e-10,7.99352984717088e-11,923
002A_mobility_sweep,lamellae,16,0.39990234375,fraction of transport phase voxels,0.0,0.0,0.0,random,20260912,1638,0,seeded uniform sampling without replacement from transport phase,ad7facb2586fc6e966c004d7d1d16b024f5805ff7cb47c7a85dabd8b48892ca7,1.0,0.1,0.001,1000.0,none,1,1.0,False,True,True,0.39990234375,0.0016868634761104395,1.0,0.0016868634761104395,3.707898692944552e-08,9.909475536761628e-11,773,0.39347049172541093,1.0,0.39347049172541093,1.0418538574791106e-11,9.681313615123226e-11,869,0.40025307822974265,1.0,0.40025307822974265,1.517537688100412e-10,7.99352984717088e-11,923
002A_mobility_sweep,lamellae,16,0.39990234375,fraction of transport phase voxels,0.0,0.0,0.0,random,20260910,1638,0,seeded uniform sampling without replacement from transport phase,ad7facb2586fc6e966c004d7d1d16b024f5805ff7cb47c7a85dabd8b48892ca7,1.0,0.01,0.001,1000.0,none,1,1.0,False,True,True,0.39990234375,0.0016868634761104395,1.0,0.0016868634761104395,3.707898692944552e-08,9.909475536761628e-11,773,0.39347049172541093,1.0,0.39347049172541093,1.0418538574791106e-11,9.681313615123226e-11,869,0.40025307822974265,1.0,0.40025307822974265,1.517537688100412e-10,7.99352984717088e-11,923
002A_mobility_sweep,lamellae,16,0.39990234375,fraction of transport phase voxels,0.0,0.0,0.0,random,20260911,1638,0,seeded uniform sampling without replacement from transport phase,ad7facb2586fc6e966c004d7d1d16b024f5805ff7cb47c7a85dabd8b48892ca7,1.0,0.01,0.001,1000.0,none,1,1.0,False,True,True,0.39990234375,0.0016868634761104395,1.0,0.0016868634761104395,3.707898692944552e-08,9.909475536761628e-11,773,0.39347049172541093,1.0,0.39347049172541093,1.0418538574791106e-11,9.681313615123226e-11,869,0.40025307822974265,1.0,0.40025307822974265,1.517537688100412e-10,7.99352984717088e-11,923
002A_mobility_sweep,lamellae,16,0.39990234375,fraction of transport phase voxels,0.0,0.0,0.0,random,20260912,1638,0,seeded uniform sampling without replacement from transport phase,ad7facb2586fc6e966c004d7d1d16b024f5805ff7cb47c7a85dabd8b48892ca7,1.0,0.01,0.001,1000.0,none,1,1.0,False,True,True,0.39990234375,0.0016868634761104395,1.0,0.0016868634761104395,3.707898692944552e-08,9.909475536761628e-11,773,0.39347049172541093,1.0,0.39347049172541093,1.0418538574791106e-11,9.681313615123226e-11,869,0.40025307822974265,1.0,0.40025307822974265,1.517537688100412e-10,7.99352984717088e-11,923
002A_mobility_sweep,lamellae,16,0.39990234375,fraction of transport phase voxels,0.0,0.0,0.0,random,20260910,1638,0,seeded uniform sampling without replacement from transport phase,ad7facb2586fc6e966c004d7d1d16b024f5805ff7cb47c7a85dabd8b48892ca7,1.0,0.001,0.001,1000.0,none,1,1.0,False,True,True,0.39990234375,0.0016868634761104395,1.0,0.0016868634761104395,3.707898692944552e-08,9.909475536761628e-11,773,0.39347049172541093,1.0,0.39347049172541093,1.0418538574791106e-11,9.681313615123226e-11,869,0.40025307822974265,1.0,0.40025307822974265,1.517537688100412e-10,7.99352984717088e-11,923
002A_mobility_sweep,lamellae,16,0.39990234375,fraction of transport phase voxels,0.0,0.0,0.0,random,20260911,1638,0,seeded uniform sampling without replacement from transport phase,ad7facb2586fc6e966c004d7d1d16b024f5805ff7cb47c7a85dabd8b48892ca7,1.0,0.001,0.001,1000.0,none,1,1.0,False,True,True,0.39990234375,0.0016868634761104395,1.0,0.0016868634761104395,3.707898692944552e-08,9.909475536761628e-11,773,0.39347049172541093,1.0,0.39347049172541093,1.0418538574791106e-11,9.681313615123226e-11,869,0.40025307822974265,1.0,0.40025307822974265,1.517537688100412e-10,7.99352984717088e-11,923
002A_mobility_sweep,lamellae,16,0.39990234375,fraction of transport phase voxels,0.0,0.0,0.0,random,20260912,1638,0,seeded uniform sampling without replacement from transport phase,ad7facb2586fc6e966c004d7d1d16b024f5805ff7cb47c7a85dabd8b48892ca7,1.0,0.001,0.001,1000.0,none,1,1.0,False,True,True,0.39990234375,0.0016868634761104395,1.0,0.0016868634761104395,3.707898692944552e-08,9.909475536761628e-11,773,0.39347049172541093,1.0,0.39347049172541093,1.0418538574791106e-11,9.681313615123226e-11,869,0.40025307822974265,1.0,0.40025307822974265,1.517537688100412e-10,7.99352984717088e-11,923
002A_mobility_sweep,lamellae,16,0.39990234375,fraction of transport phase voxels,0.1,0.10012210012210013,0.0400390625,random,20260910,1638,164,seeded uniform sampling without replacement from transport phase,b917934d7207995b57e747ba1f0c05aa9d2fc916fec18cf9490586b33bb6d98c,1.0,1.0,0.001,1000.0,none,1,1.0,False,True,True,0.39990234375,0.0016868634761104395,1.0,0.0016868634761104395,3.707898692944552e-08,9.909475536761628e-11,773,0.39347049172541093,1.0,0.39347049172541093,1.0418538574791106e-11,9.681313615123226e-11,869,0.40025307822974265,1.0,0.40025307822974265,1.517537688100412e-10,7.99352984717088e-11,923
002A_mobility_sweep,lamellae,16,0.39990234375,fraction of transport phase voxels,0.1,0.10012210012210013,0.0400390625,random,20260911,1638,164,seeded uniform sampling without replacement from transport phase,4bccd8776aa111903588c95fb0d80de31f77000cd5621f86d5f5809690081b3d,1.0,1.0,0.001,1000.0,none,1,1.0,False,True,True,0.39990234375,0.0016868634761104395,1.0,0.0016868634761104395,3.707898692944552e-08,9.909475536761628e-11,773,0.39347049172541093,1.0,0.39347049172541093,1.0418538574791106e-11,9.681313615123226e-11,869,0.40025307822974265,1.0,0.40025307822974265,1.517537688100412e-10,7.99352984717088e-11,923
002A_mobility_sweep,lamellae,16,0.39990234375,fraction of transport phase voxels,0.1,0.10012210012210013,0.0400390625,random,20260912,1638,164,seeded uniform sampling without replacement from transport phase,0042f8cb37e95482ce295e4e01c8a63ea6f217f618798ac42573ec257dc51f28,1.0,1.0,0.001,1000.0,none,1,1.0,False,True,True,0.39990234375,0.0016868634761104395,1.0,0.0016868634761104395,3.707898692944552e-08,9.909475536761628e-11,773,0.39347049172541093,1.0,0.39347049172541093,1.0418538574791106e-11,9.681313615123226e-11,869,0.40025307822974265,1.0,0.40025307822974265,1.517537688100412e-10,7.99352984717088e-11,923
002A_mobility_sweep,lamellae,16,0.39990234375,fraction of transport phase voxels,0.1,0.10012210012210013,0.0400390625,random,20260910,1638,164,seeded uniform sampling without replacement from transport phase,b917934d7207995b57e747ba1f0c05aa9d2fc916fec18cf9490586b33bb6d98c,1.0,0.1,0.001,1000.0,none,1,1.0,False,True,True,0.39990234375,0.0016865220862219686,0.9997976185427536,0.0016868634761104395,1.4862120727181172e-09,9.082887173119212e-11,891,0.32293997492245347,0.8207476334663028,0.39347049172541093,3.3873442042982726e-10,9.49130962615229e-11,952,0.32478907719718886,0.8114592862937635,0.40025307822974265,6.069394826112792e-11,8.712681936358174e-11,1023
002A_mobility_sweep,lamellae,16,0.39990234375,fraction of transport phase voxels,0.1,0.10012210012210013,0.0400390625,random,20260911,1638,164,seeded uniform sampling without replacement from transport phase,4bccd8776aa111903588c95fb0d80de31f77000cd5621f86d5f5809690081b3d,1.0,0.1,0.001,1000.0,none,1,1.0,False,True,True,0.39990234375,0.0016864897072078153,0.9997784237385434,0.0016868634761104395,7.936256273216285e-08,9.06014012677241e-11,898,0.32335040635614093,0.8217907394737892,0.39347049172541093,1.4570883773693322e-09,8.857426127380669e-11,983,0.3244265858891568,0.810553631027762,0.40025307822974265,1.887710586734002e-09,9.693124863093989e-11,1021
002A_mobility_sweep,lamellae,16,0.39990234375,fraction of transport phase voxels,0.1,0.10012210012210013,0.0400390625,random,20260912,1638,164,seeded uniform sampling without replacement from transport phase,0042f8cb37e95482ce295e4e01c8a63ea6f217f618798ac42573ec257dc51f28,1.0,0.1,0.001,1000.0,none,1,1.0,False,True,True,0.39990234375,0.0016864975934569176,0.999783098834788,0.0016868634761104395,1.547281408181878e-08,8.649179464173006e-11,915,0.31912561445011745,0.8110534872658859,0.39347049172541093,1.5187647786262827e-10,7.78777775956789e-11,1001,0.32683211838205656,0.8165636597414425,0.40025307822974265,2.1947933928561643e-10,9.586848052139574e-11,1017
002A_mobility_sweep,lamellae,16,0.39990234375,fraction of transport phase voxels,0.1,0.10012210012210013,0.0400390625,random,20260910,1638,164,seeded uniform sampling without replacement from transport phase,b917934d7207995b57e747ba1f0c05aa9d2fc916fec18cf9490586b33bb6d98c,1.0,0.01,0.001,1000.0,none,1,1.0,False,True,True,0.39990234375,0.0016855309129477601,0.9992100349663435,0.0016868634761104395,2.3732845857419113e-07,9.46384894362647e-11,1137,0.30571305395311377,0.7769656438848279,0.39347049172541093,1.589817243066822e-10,7.700758490268509e-11,1222,0.3051900946377608,0.7624928107675506,0.40025307822974265,3.784530084886129e-10,7.930783853907044e-11,1265
002A_mobility_sweep,lamellae,16,0.39990234375,fraction of transport phase voxels,0.1,0.10012210012210013,0.0400390625,random,20260911,1638,164,seeded uniform sampling without replacement from transport phase,4bccd8776aa111903588c95fb0d80de31f77000cd5621f86d5f5809690081b3d,1.0,0.01,0.001,1000.0,none,1,1.0,False,True,True,0.39990234375,0.0016850372937210112,0.998917409490874,0.0016868634761104395,1.654377914304473e-07,9.724943906743154e-11,1139,0.3060061243746527,0.7777104784472719,0.39347049172541093,3.1121141702183063e-10,9.462861684310977e-11,1277,0.3047301371516435,0.7613436441249063,0.40025307822974265,1.528079781628586e-10,8.275064015566833e-11,1283
002A_mobility_sweep,lamellae,16,0.39990234375,fraction of transport phase voxels,0.1,0.10012210012210013,0.0400390625,random,20260912,1638,164,seeded uniform sampling without replacement from transport phase,0042f8cb37e95482ce295e4e01c8a63ea6f217f618798ac42573ec257dc51f28,1.0,0.01,0.001,1000.0,none,1,1.0,False,True,True,0.39990234375,0.0016851988701341945,0.9990131946065468,0.0016868634761104395,1.2959769911586486e-07,8.002568785837865e-11,1124,0.2998343098029407,0.7620248941366216,0.39347049172541093,5.940803805575568e-10,8.849888084747796e-11,1253,0.3084249598854048,0.7705748604096203,0.40025307822974265,2.2498879050394084e-10,9.298028100287828e-11,1258
002A_mobility_sweep,lamellae,16,0.39990234375,fraction of transport phase voxels,0.1,0.10012210012210013,0.0400390625,random,20260910,1638,164,seeded uniform sampling without replacement from transport phase,b917934d7207995b57e747ba1f0c05aa9d2fc916fec18cf9490586b33bb6d98c,1.0,0.001,0.001,1000.0,none,1,1.0,False,True,True,0.39990234375,0.0016803914272119631,0.9961632645497788,0.0016868634761104395,6.979104786719191e-08,7.325129244385508e-11,887,0.30369109537012157,0.7718268631490078,0.39347049172541093,5.804688149864343e-10,6.922375772058444e-11,976,0.30283911645099065,0.7566190815830852,0.40025307822974265,1.4489088801548588e-09,7.569818276409344e-11,987
002A_mobility_sweep,lamellae,16,0.39990234375,fraction of transport phase voxels,0.1,0.10012210012210013,0.0400390625,random,20260911,1638,164,seeded uniform sampling without replacement from transport phase,4bccd8776aa111903588c95fb0d80de31f77000cd5621f86d5f5809690081b3d,1.0,0.001,0.001,1000.0,none,1,1.0,False,True,True,0.39990234375,0.001677109905310053,0.9942179251975529,0.0016868634761104395,1.0272241443432898e-08,8.83188635912354e-11,881,0.3039601429510379,0.7725106439828298,0.39347049172541093,3.433378429576752e-10,7.829533477719702e-11,979,0.30238227761775344,0.7554777066428655,0.40025307822974265,1.241875958128748e-10,7.655691230758924e-11,980
002A_mobility_sweep,lamellae,16,0.39990234375,fraction of transport phase voxels,0.1,0.10012210012210013,0.0400390625,random,20260912,1638,164,seeded uniform sampling without replacement from transport phase,0042f8cb37e95482ce295e4e01c8a63ea6f217f618798ac42573ec257dc51f28,1.0,0.001,0.001,1000.0,none,1,1.0,False,True,True,0.39990234375,0.0016782424877519286,0.9948893384197344,0.0016868634761104395,3.8930556323836184e-08,8.79199774181026e-11,879,0.2975395158819157,0.7561927060328527,0.39347049172541093,4.469768751849454e-10,6.992990349365226e-11,975,0.3062507654271658,0.7651428110975822,0.40025307822974265,1.1655572522503207e-10,9.094673423684865e-11,981
002A_mobility_sweep,lamellae,16,0.39990234375,fraction of transport phase voxels,0.2,0.20024420024420025,0.080078125,random,20260910,1638,328,seeded uniform sampling without replacement from transport phase,32d792de09fad88bea7f857e345c746c4aa065ee7625a17f0dab90f7cfd50334,1.0,1.0,0.001,1000.0,none,1,1.0,False,True,True,0.39990234375,0.0016868634761104395,1.0,0.0016868634761104395,3.707898692944552e-08,9.909475536761628e-11,773,0.39347049172541093,1.0,0.39347049172541093,1.0418538574791106e-11,9.681313615123226e-11,869,0.40025307822974265,1.0,0.40025307822974265,1.517537688100412e-10,7.99352984717088e-11,923
002A_mobility_sweep,lamellae,16,0.39990234375,fraction of transport phase voxels,0.2,0.20024420024420025,0.080078125,random,20260911,1638,328,seeded uniform sampling without replacement from transport phase,003cfed75d9de29e464572adb6c5b910826d761995f5453691d0a8e9d0fffe3f,1.0,1.0,0.001,1000.0,none,1,1.0,False,True,True,0.39990234375,0.0016868634761104395,1.0,0.0016868634761104395,3.707898692944552e-08,9.909475536761628e-11,773,0.39347049172541093,1.0,0.39347049172541093,1.0418538574791106e-11,9.681313615123226e-11,869,0.40025307822974265,1.0,0.40025307822974265,1.517537688100412e-10,7.99352984717088e-11,923
002A_mobility_sweep,lamellae,16,0.39990234375,fraction of transport phase voxels,0.2,0.20024420024420025,0.080078125,random,20260912,1638,328,seeded uniform sampling without replacement from transport phase,9ee780a4dcefb74c532ed08bf0f9c74fc39e172b1818f1a086fb1d93e5703b0b,1.0,1.0,0.001,1000.0,none,1,1.0,False,True,True,0.39990234375,0.0016868634761104395,1.0,0.0016868634761104395,3.707898692944552e-08,9.909475536761628e-11,773,0.39347049172541093,1.0,0.39347049172541093,1.0418538574791106e-11,9.681313615123226e-11,869,0.40025307822974265,1.0,0.40025307822974265,1.517537688100412e-10,7.99352984717088e-11,923
002A_mobility_sweep,lamellae,16,0.39990234375,fraction of transport phase voxels,0.2,0.20024420024420025,0.080078125,random,20260910,1638,328,seeded uniform sampling without replacement from transport phase,32d792de09fad88bea7f857e345c746c4aa065ee7625a17f0dab90f7cfd50334,1.0,0.1,0.001,1000.0,none,1,1.0,False,True,True,0.39990234375,0.0016860695647850864,0.999529356503003,0.0016868634761104395,3.4176255591388113e-08,9.284383441318548e-11,936,0.25814041571222335,0.6560604191187236,0.39347049172541093,6.309027651202334e-10,9.950099174532475e-11,1027,0.2626433995903855,0.6561933283611873,0.40025307822974265,3.2001117708522335e-10,8.892449166460609e-11,1040
002A_mobility_sweep,lamellae,16,0.39990234375,fraction of transport phase voxels,0.2,0.20024420024420025,0.080078125,random,20260911,1638,328,seeded uniform sampling without replacement from transport phase,003cfed75d9de29e464572adb6c5b910826d761995f5453691d0a8e9d0fffe3f,1.0,0.1,0.001,1000.0,none,1,1.0,False,True,True,0.39990234375,0.0016860870071267867,0.999539696605772,0.0016868634761104395,3.706459229583305e-08,9.220120465764507e-11,940,0.25392119456128087,0.6453373249104623,0.39347049172541093,4.437552620695676e-10,7.208774628897078e-11,1050,0.26173292485571714,0.6539185807472645,0.40025307822974265,1.4120900897122266e-10,7.749607716450815e-11,1072
002A_mobility_sweep,lamellae,16,0.39990234375,fraction of transport phase voxels,0.2,0.20024420024420025,0.080078125,random,20260912,1638,328,seeded uniform sampling without replacement from transport phase,9ee780a4dcefb74c532ed08bf0f9c74fc39e172b1818f1a086fb1d93e5703b0b,1.0,0.1,0.001,1000.0,none,1,1.0,False,True,True,0.39990234375,0.0016861168448929487,0.9995573849169985,0.0016868634761104395,5.832011469732884e-07,9.496592321120993e-11,947,0.2601893539192861,0.6612677682088115,0.39347049172541093,3.56671819822327e-10,9.127328896651675e-11,1053,0.2594316903579923,0.6481691321536326,0.40025307822974265,1.1192475542937502e-10,9.67344837458193e-11,1072
002A_mobility_sweep,lamellae,16,0.39990234375,fraction of transport phase voxels,0.2,0.20024420024420025,0.080078125,random,20260910,1638,328,seeded uniform sampling without replacement from transport phase,32d792de09fad88bea7f857e345c746c4aa065ee7625a17f0dab90f7cfd50334,1.0,0.01,0.001,1000.0,none,1,1.0,False,True,True,0.39990234375,0.0016840113013778918,0.9983091846062586,0.0016868634761104395,2.0016904867200688e-08,8.852282857233916e-11,1180,0.2240290853140102,0.5693669284616955,0.39347049172541093,5.585234306720602e-10,9.885241394807654e-11,1321,0.22865147780540027,0.5712672562486972,0.40025307822974265,5.149660833772846e-11,9.035896544296133e-11,1309
002A_mobility_sweep,lamellae,16,0.39990234375,fraction of transport phase voxels,0.2,0.20024420024420025,0.080078125,random,20260911,1638,328,seeded uniform sampling without replacement from transport phase,003cfed75d9de29e464572adb6c5b910826d761995f5453691d0a8e9d0fffe3f,1.0,0.01,0.001,1000.0,none,1,1.0,False,True,True,0.39990234375,0.0016840923035905961,0.998357204030386,0.0016868634761104395,3.5265867053732614e-08,9.669618179394518e-11,1198,0.21751803906534012,0.5528191913744277,0.39347049172541093,2.991644690961036e-10,7.603390414208047e-11,1336,0.22605779780998062,0.5647871561907761,0.40025307822974265,4.053496606363073e-10,9.436097792315136e-11,1331
002A_mobility_sweep,lamellae,16,0.39990234375,fraction of transport phase voxels,0.2,0.20024420024420025,0.080078125,random,20260912,1638,328,seeded uniform sampling without replacement from transport phase,9ee780a4dcefb74c532ed08bf0f9c74fc39e172b1818f1a086fb1d93e5703b0b,1.0,0.01,0.001,1000.0,none,1,1.0,False,True,True,0.39990234375,0.0016840437848809934,0.9983284413532103,0.0016868634761104395,4.3021996677486794e-08,7.83890776635697e-11,1201,0.22634667876594755,0.5752570612687948,0.39347049172541093,3.675500349136716e-10,8.704857104890594e-11,1341,0.222794091988721,0.5566330507040814,0.40025307822974265,1.614781981594956e-10,7.249840128551187e-11,1345
002A_mobility_sweep,lamellae,16,0.39990234375,fraction of transport phase voxels,0.2,0.20024420024420025,0.080078125,random,20260910,1638,328,seeded uniform sampling without replacement from transport phase,32d792de09fad88bea7f857e345c746c4aa065ee7625a17f0dab90f7cfd50334,1.0,0.001,0.001,1000.0,none,1,1.0,False,True,True,0.39990234375,0.0016736688716123007,0.9921780246682661,0.0016868634761104395,3.6137999906144686e-07,9.461861450964178e-11,920,0.21985353018807266,0.5587548108728332,0.39347049172541093,2.4809739395206593e-09,8.444768000685576e-11,1011,0.22455184786805846,0.5610246618494891,0.40025307822974265,1.3575857825560585e-09,8.48114322452692e-11,1023
002A_mobility_sweep,lamellae,16,0.39990234375,fraction of transport phase voxels,0.2,0.20024420024420025,0.080078125,random,20260911,1638,328,seeded uniform sampling without replacement from transport phase,003cfed75d9de29e464572adb6c5b910826d761995f5453691d0a8e9d0fffe3f,1.0,0.001,0.001,1000.0,none,1,1.0,False,True,True,0.39990234375,0.0016739950258839685,0.9923713742050169,0.0016868634761104395,3.7621929376961126e-08,9.724643048331045e-11,948,0.2130360359280429,0.541428240257247,0.39347049172541093,1.2187840219002679e-09,8.997996382591328e-11,1021,0.22165533780886978,0.5537879653273798,0.40025307822974265,6.086204741549714e-10,8.943681448245084e-11,1024
002A_mobility_sweep,lamellae,16,0.39990234375,fraction of transport phase voxels,0.2,0.20024420024420025,0.080078125,random,20260912,1638,328,seeded uniform sampling without replacement from transport phase,9ee780a4dcefb74c532ed08bf0f9c74fc39e172b1818f1a086fb1d93e5703b0b,1.0,0.001,0.001,1000.0,none,1,1.0,False,True,True,0.39990234375,0.001673286189552585,0.9919511645428705,0.0016868634761104395,5.949146053360331e-09,8.386795413956147e-11,943,0.22214118360471158,0.5645688514800647,0.39347049172541093,1.9474529520165163e-11,8.661769753754802e-11,1029,0.21826623990668384,0.545320577850498,0.40025307822974265,1.0359039435267748e-09,9.173681340719376e-11,1020
002A_mobility_sweep,lamellae,16,0.39990234375,fraction of transport phase voxels,0.4,0.3998778998778999,0.159912109375,random,20260910,1638,655,seeded uniform sampling without replacement from transport phase,c55d2121af6bd85a74a5e265484431960776bb46342a0978e0cfa7e080897cf2,1.0,1.0,0.001,1000.0,none,1,1.0,False,True,True,0.39990234375,0.0016868634761104395,1.0,0.0016868634761104395,3.707898692944552e-08,9.909475536761628e-11,773,0.39347049172541093,1.0,0.39347049172541093,1.0418538574791106e-11,9.681313615123226e-11,869,0.40025307822974265,1.0,0.40025307822974265,1.517537688100412e-10,7.99352984717088e-11,923
002A_mobility_sweep,lamellae,16,0.39990234375,fraction of transport phase voxels,0.4,0.3998778998778999,0.159912109375,random,20260911,1638,655,seeded uniform sampling without replacement from transport phase,9bcfed1a0c92ac67f148d391e958430b596fa370581fc41c2da9c58b9fe151e4,1.0,1.0,0.001,1000.0,none,1,1.0,False,True,True,0.39990234375,0.0016868634761104395,1.0,0.0016868634761104395,3.707898692944552e-08,9.909475536761628e-11,773,0.39347049172541093,1.0,0.39347049172541093,1.0418538574791106e-11,9.681313615123226e-11,869,0.40025307822974265,1.0,0.40025307822974265,1.517537688100412e-10,7.99352984717088e-11,923
002A_mobility_sweep,lamellae,16,0.39990234375,fraction of transport phase voxels,0.4,0.3998778998778999,0.159912109375,random,20260912,1638,655,seeded uniform sampling without replacement from transport phase,306f9ca3909356c6ef879c67723e151fe9e2c5f33684053e65fc94a108c19a2d,1.0,1.0,0.001,1000.0,none,1,1.0,False,True,True,0.39990234375,0.0016868634761104395,1.0,0.0016868634761104395,3.707898692944552e-08,9.909475536761628e-11,773,0.39347049172541093,1.0,0.39347049172541093,1.0418538574791106e-11,9.681313615123226e-11,869,0.40025307822974265,1.0,0.40025307822974265,1.517537688100412e-10,7.99352984717088e-11,923
002A_mobility_sweep,lamellae,16,0.39990234375,fraction of transport phase voxels,0.4,0.3998778998778999,0.159912109375,random,20260910,1638,655,seeded uniform sampling without replacement from transport phase,c55d2121af6bd85a74a5e265484431960776bb46342a0978e0cfa7e080897cf2,1.0,0.1,0.001,1000.0,none,1,1.0,False,True,True,0.39990234375,0.0016848084692477503,0.9987817586356025,0.0016868634761104395,1.9102550856974577e-08,9.308119304296675e-11,1041,0.15599704574417778,0.3964644084493192,0.39347049172541093,4.1983700823745047e-10,7.713323819364804e-11,1125,0.15743292509653498,0.39333345240675327,0.40025307822974265,1.6672393796241814e-10,8.546441974642959e-11,1119
002A_mobility_sweep,lamellae,16,0.39990234375,fraction of transport phase voxels,0.4,0.3998778998778999,0.159912109375,random,20260911,1638,655,seeded uniform sampling without replacement from transport phase,9bcfed1a0c92ac67f148d391e958430b596fa370581fc41c2da9c58b9fe151e4,1.0,0.1,0.001,1000.0,none,1,1.0,False,True,True,0.39990234375,0.0016848200455266125,0.9987886212412763,0.0016868634761104395,1.4821052859108928e-08,9.161914320799041e-11,1014,0.15464748858509286,0.3930345269525722,0.39347049172541093,4.4487840039130996e-10,7.751449953668763e-11,1119,0.15846398061615533,0.3959094613763296,0.40025307822974265,3.000839025926175e-10,8.85313226909441e-11,1114
002A_mobility_sweep,lamellae,16,0.39990234375,fraction of transport phase voxels,0.4,0.3998778998778999,0.159912109375,random,20260912,1638,655,seeded uniform sampling without replacement from transport phase,306f9ca3909356c6ef879c67723e151fe9e2c5f33684053e65fc94a108c19a2d,1.0,0.1,0.001,1000.0,none,1,1.0,False,True,True,0.39990234375,0.0016847473515002502,0.9987455270446257,0.0016868634761104395,1.1771783365297071e-07,9.793264821416455e-11,1052,0.1547822661924418,0.3933770624417214,0.39347049172541093,4.3648132768807595e-10,8.720714002062547e-11,1133,0.15962403197813177,0.3988077560430619,0.40025307822974265,5.84238891721741e-10,9.395572123100348e-11,1130
002A_mobility_sweep,lamellae,16,0.39990234375,fraction of transport phase voxels,0.4,0.3998778998778999,0.159912109375,random,20260910,1638,655,seeded uniform sampling without replacement from transport phase,c55d2121af6bd85a74a5e265484431960776bb46342a0978e0cfa7e080897cf2,1.0,0.01,0.001,1000.0,none,1,1.0,False,True,True,0.39990234375,0.0016787237696672093,0.9951746501370705,0.0016868634761104395,3.1571368873269684e-08,9.821507490032618e-11,1316,0.09551394974024492,0.2427474276950372,0.39347049172541093,1.345152301567854e-09,9.989944825050153e-11,1444,0.09607364025741139,0.24003223331180915,0.40025307822974265,3.2876847118351124e-11,8.995557986115051e-11,1430
002A_mobility_sweep,lamellae,16,0.39990234375,fraction of transport phase voxels,0.4,0.3998778998778999,0.159912109375,random,20260911,1638,655,seeded uniform sampling without replacement from transport phase,9bcfed1a0c92ac67f148d391e958430b596fa370581fc41c2da9c58b9fe151e4,1.0,0.01,0.001,1000.0,none,1,1.0,False,True,True,0.39990234375,0.0016793594696253202,0.9955515033721508,0.0016868634761104395,5.195033075051986e-08,8.421657599747543e-11,1308,0.09140052967256945,0.2322932255269466,0.39347049172541093,1.8718770996217033e-09,8.751755878318771e-11,1446,0.09841314346451843,0.24587729318606247,0.40025307822974265,5.5837239372356923e-11,8.294733165454906e-11,1428
002A_mobility_sweep,lamellae,16,0.39990234375,fraction of transport phase voxels,0.4,0.3998778998778999,0.159912109375,random,20260912,1638,655,seeded uniform sampling without replacement from transport phase,306f9ca3909356c6ef879c67723e151fe9e2c5f33684053e65fc94a108c19a2d,1.0,0.01,0.001,1000.0,none,1,1.0,False,True,True,0.39990234375,0.0016784928277490385,0.9950377440261485,0.0016868634761104395,1.640559558740353e-08,8.249171733284942e-11,1344,0.09302804024846731,0.23642952192051106,0.39347049172541093,4.594387442351917e-10,8.315188401795166e-11,1456,0.09947334796560449,0.2485261285323768,0.40025307822974265,3.003925832801215e-10,8.400236978286724e-11,1447
002A_mobility_sweep,lamellae,16,0.39990234375,fraction of transport phase voxels,0.4,0.3998778998778999,0.159912109375,random,20260910,1638,655,seeded uniform sampling without replacement from transport phase,c55d2121af6bd85a74a5e265484431960776bb46342a0978e0cfa7e080897cf2,1.0,0.001,0.001,1000.0,none,1,1.0,False,True,True,0.39990234375,0.001650551879405555,0.9784738971356404,0.0016868634761104395,1.2689352987591713e-09,9.769071635599292e-11,1138,0.08679940654651376,0.22059953254915995,0.39347049172541093,2.6163751598570574e-09,9.98303984779264e-11,1193,0.08712321335452793,0.21767031434176695,0.40025307822974265,6.816888455852444e-10,7.107209881921507e-11,1182
002A_mobility_sweep,lamellae,16,0.39990234375,fraction of transport phase voxels,0.4,0.3998778998778999,0.159912109375,random,20260911,1638,655,seeded uniform sampling without replacement from transport phase,9bcfed1a0c92ac67f148d391e958430b596fa370581fc41c2da9c58b9fe151e4,1.0,0.001,0.001,1000.0,none,1,1.0,False,True,True,0.39990234375,0.0016540659276862257,0.9805570818926982,0.0016868634761104395,8.768984156612855e-09,9.864419292058918e-11,1103,0.08189965221497784,0.20814687235080567,0.39347049172541093,1.8489853415465097e-09,7.797994637038905e-11,1207,0.09000391036024506,0.22486750322650462,0.40025307822974265,4.064215755688495e-10,7.83562442459757e-11,1180
002A_mobility_sweep,lamellae,16,0.39990234375,fraction of transport phase voxels,0.4,0.3998778998778999,0.159912109375,random,20260912,1638,655,seeded uniform sampling without replacement from transport phase,306f9ca3909356c6ef879c67723e151fe9e2c5f33684053e65fc94a108c19a2d,1.0,0.001,0.001,1000.0,none,1,1.0,False,True,True,0.39990234375,0.0016489965098996622,0.9775518488917131,0.0016868634761104395,1.352041394435141e-08,8.563278403697094e-11,1203,0.08326994402900892,0.2116294506961911,0.39347049172541093,1.2187734101698283e-09,9.985061118010713e-11,1227,0.09100261672476449,0.22736269044389357,0.40025307822974265,6.569752558321275e-10,9.741662604656895e-11,1207
002A_mobility_sweep,lamellae,16,0.39990234375,fraction of transport phase voxels,0.6,0.6001221001221001,0.239990234375,random,20260910,1638,983,seeded uniform sampling without replacement from transport phase,8c5d3d1913850bbe47ad5863853b0d25708d7a64597fe05c3c441edfdf5c0fe0,1.0,1.0,0.001,1000.0,none,1,1.0,False,True,True,0.39990234375,0.0016868634761104395,1.0,0.0016868634761104395,3.707898692944552e-08,9.909475536761628e-11,773,0.39347049172541093,1.0,0.39347049172541093,1.0418538574791106e-11,9.681313615123226e-11,869,0.40025307822974265,1.0,0.40025307822974265,1.517537688100412e-10,7.99352984717088e-11,923
002A_mobility_sweep,lamellae,16,0.39990234375,fraction of transport phase voxels,0.6,0.6001221001221001,0.239990234375,random,20260911,1638,983,seeded uniform sampling without replacement from transport phase,ec43af1df07e2d129692b7e166844d08e60eb26a148532f81a3c74ba81fb86a4,1.0,1.0,0.001,1000.0,none,1,1.0,False,True,True,0.39990234375,0.0016868634761104395,1.0,0.0016868634761104395,3.707898692944552e-08,9.909475536761628e-11,773,0.39347049172541093,1.0,0.39347049172541093,1.0418538574791106e-11,9.681313615123226e-11,869,0.40025307822974265,1.0,0.40025307822974265,1.517537688100412e-10,7.99352984717088e-11,923
002A_mobility_sweep,lamellae,16,0.39990234375,fraction of transport phase voxels,0.6,0.6001221001221001,0.239990234375,random,20260912,1638,983,seeded uniform sampling without replacement from transport phase,f497cb25ece587011d3f84e087759bb38a152538d67d829612341d98a33119f1,1.0,1.0,0.001,1000.0,none,1,1.0,False,True,True,0.39990234375,0.0016868634761104395,1.0,0.0016868634761104395,3.707898692944552e-08,9.909475536761628e-11,773,0.39347049172541093,1.0,0.39347049172541093,1.0418538574791106e-11,9.681313615123226e-11,869,0.40025307822974265,1.0,0.40025307822974265,1.517537688100412e-10,7.99352984717088e-11,923
002A_mobility_sweep,lamellae,16,0.39990234375,fraction of transport phase voxels,0.6,0.6001221001221001,0.239990234375,random,20260910,1638,983,seeded uniform sampling without replacement from transport phase,8c5d3d1913850bbe47ad5863853b0d25708d7a64597fe05c3c441edfdf5c0fe0,1.0,0.1,0.001,1000.0,none,1,1.0,False,True,True,0.39990234375,0.001682721818541513,0.997544758288041,0.0016868634761104395,1.8274733165878566e-08,9.997322622529013e-11,1043,0.09225677951186743,0.23446937305847618,0.39347049172541093,9.682315178577635e-10,8.555988228463144e-11,1139,0.09370008309574603,0.23410209238156762,0.40025307822974265,3.609508693865614e-10,9.749482312102522e-11,1175
002A_mobility_sweep,lamellae,16,0.39990234375,fraction of transport phase voxels,0.6,0.6001221001221001,0.239990234375,random,20260911,1638,983,seeded uniform sampling without replacement from transport phase,ec43af1df07e2d129692b7e166844d08e60eb26a148532f81a3c74ba81fb86a4,1.0,0.1,0.001,1000.0,none,1,1.0,False,True,True,0.39990234375,0.001682590771716602,0.9974670716069509,0.0016868634761104395,2.0625419127742887e-08,9.290522189593012e-11,1055,0.09037484830997274,0.22968647004167755,0.39347049172541093,4.724204988712883e-10,9.743429115085904e-11,1161,0.09677469860677444,0.24178377099507625,0.40025307822974265,7.971330056381031e-10,8.806805950132489e-11,1164
002A_mobility_sweep,lamellae,16,0.39990234375,fraction of transport phase voxels,0.6,0.6001221001221001,0.239990234375,random,20260912,1638,983,seeded uniform sampling without replacement from transport phase,f497cb25ece587011d3f84e087759bb38a152538d67d829612341d98a33119f1,1.0,0.1,0.001,1000.0,none,1,1.0,False,True,True,0.39990234375,0.0016826604653914475,0.9975083871466094,0.0016868634761104395,1.2052048222948305e-09,9.825191653098254e-11,1011,0.09090110095096886,0.23102393410076988,0.39347049172541093,2.8489394543942365e-10,7.656329166105141e-11,1136,0.09126524970666353,0.228018857744494,0.40025307822974265,9.947319880463714e-10,9.714647355217737e-11,1136
002A_mobility_sweep,lamellae,16,0.39990234375,fraction of transport phase voxels,0.6,0.6001221001221001,0.239990234375,random,20260910,1638,983,seeded uniform sampling without replacement from transport phase,8c5d3d1913850bbe47ad5863853b0d25708d7a64597fe05c3c441edfdf5c0fe0,1.0,0.01,0.001,1000.0,none,1,1.0,False,True,True,0.39990234375,0.0016633016359199908,0.9860321593749972,0.0016868634761104395,1.5471795418180985e-08,9.852548393547287e-11,1343,0.02670125313712514,0.06786087825808039,0.39347049172541093,1.9087976566090746e-09,7.982530812624714e-11,1440,0.027495357554157485,0.06869493090662836,0.40025307822974265,9.398490318409608e-10,9.926054211213006e-11,1435
002A_mobility_sweep,lamellae,16,0.39990234375,fraction of transport phase voxels,0.6,0.6001221001221001,0.239990234375,random,20260911,1638,983,seeded uniform sampling without replacement from transport phase,ec43af1df07e2d129692b7e166844d08e60eb26a148532f81a3c74ba81fb86a4,1.0,0.01,0.001,1000.0,none,1,1.0,False,True,True,0.39990234375,0.0016640106805381628,0.9864524925129267,0.0016868634761104395,9.22138521203147e-10,9.743844141380919e-11,1342,0.021895872064144083,0.055648066436007185,0.39347049172541093,7.279585867674364e-10,9.090024524424451e-11,1428,0.029652272947439464,0.07408380986996245,0.40025307822974265,5.192465370939386e-10,9.900091719992825e-11,1432
002A_mobility_sweep,lamellae,16,0.39990234375,fraction of transport phase voxels,0.6,0.6001221001221001,0.239990234375,random,20260912,1638,983,seeded uniform sampling without replacement from transport phase,f497cb25ece587011d3f84e087759bb38a152538d67d829612341d98a33119f1,1.0,0.01,0.001,1000.0,none,1,1.0,False,True,True,0.39990234375,0.0016630261242529406,0.9858688315947992,0.0016868634761104395,2.8555309704746817e-08,9.163048587072146e-11,1309,0.021980153520861644,0.05586226663269278,0.39347049172541093,1.1364581857397155e-09,9.018751254608063e-11,1397,0.021783791956809854,0.05442504540666168,0.40025307822974265,6.440797365614557e-10,9.79201145151325e-11,1389
002A_mobility_sweep,lamellae,16,0.39990234375,fraction of transport phase voxels,0.6,0.6001221001221001,0.239990234375,random,20260910,1638,983,seeded uniform sampling without replacement from transport phase,8c5d3d1913850bbe47ad5863853b0d25708d7a64597fe05c3c441edfdf5c0fe0,1.0,0.001,0.001,1000.0,none,1,1.0,False,True,True,0.39990234375,0.0015741041845666682,0.933154464993355,0.0016868634761104395,1.3077372388033937e-08,7.846999657074772e-11,1309,0.013928139595244575,0.03539818077378094,0.39347049172541093,2.4758221505069105e-10,9.864510375505023e-11,1326,0.015019378254175483,0.03752470392133863,0.40025307822974265,2.873510523615712e-10,8.927512870802824e-11,1290
002A_mobility_sweep,lamellae,16,0.39990234375,fraction of transport phase voxels,0.6,0.6001221001221001,0.239990234375,random,20260911,1638,983,seeded uniform sampling without replacement from transport phase,ec43af1df07e2d129692b7e166844d08e60eb26a148532f81a3c74ba81fb86a4,1.0,0.001,0.001,1000.0,none,1,1.0,False,True,True,0.39990234375,0.0015907108975990209,0.9429991935487709,0.0016868634761104395,5.49859185547763e-08,8.314864943917201e-11,1281,0.005250273213261054,0.013343499255148803,0.39347049172541093,2.4515103450103013e-08,8.122753803095705e-11,1306,0.015712457533867207,0.03925630654325251,0.40025307822974265,1.0634653706857006e-09,9.34011787826538e-11,1267
002A_mobility_sweep,lamellae,16,0.39990234375,fraction of transport phase voxels,0.6,0.6001221001221001,0.239990234375,random,20260912,1638,983,seeded uniform sampling without replacement from transport phase,f497cb25ece587011d3f84e087759bb38a152538d67d829612341d98a33119f1,1.0,0.001,0.001,1000.0,none,1,1.0,False,True,True,0.39990234375,0.0015847679765078515,0.9394761336359009,0.0016868634761104395,1.0263500936827636e-08,9.64713166457489e-11,1297,0.005780259810780809,0.014690453114879697,0.39347049172541093,5.5161555954867904e-09,7.654065102604797e-11,1276,0.006421222938116244,0.016042907068988248,0.40025307822974265,4.504273975407495e-09,6.734720341708566e-11,1289
002A_mobility_sweep,cylinders,16,0.39990234375,fraction of transport phase voxels,0.0,0.0,0.0,random,20260910,1638,0,seeded uniform sampling without replacement from transport phase,ad7facb2586fc6e966c004d7d1d16b024f5805ff7cb47c7a85dabd8b48892ca7,1.0,1.0,0.001,1000.0,none,4,0.2576312576312576,False,False,True,0.39990234375,0.0027774099336321263,1.0,0.0027774099336321263,1.1312278451922374e-10,2.91825683051878e-12,672,0.002603998999445278,1.0,0.002603998999445278,8.50616054241142e-11,2.8635220711782364e-12,711,0.40017111196787913,1.0,0.40017111196787913,2.6171915407976887e-10,8.20886694295831e-11,617
002A_mobility_sweep,cylinders,16,0.39990234375,fraction of transport phase voxels,0.0,0.0,0.0,random,20260911,1638,0,seeded uniform sampling without replacement from transport phase,ad7facb2586fc6e966c004d7d1d16b024f5805ff7cb47c7a85dabd8b48892ca7,1.0,1.0,0.001,1000.0,none,4,0.2576312576312576,False,False,True,0.39990234375,0.0027774099336321263,1.0,0.0027774099336321263,1.1312278451922374e-10,2.91825683051878e-12,672,0.002603998999445278,1.0,0.002603998999445278,8.50616054241142e-11,2.8635220711782364e-12,711,0.40017111196787913,1.0,0.40017111196787913,2.6171915407976887e-10,8.20886694295831e-11,617
002A_mobility_sweep,cylinders,16,0.39990234375,fraction of transport phase voxels,0.0,0.0,0.0,random,20260912,1638,0,seeded uniform sampling without replacement from transport phase,ad7facb2586fc6e966c004d7d1d16b024f5805ff7cb47c7a85dabd8b48892ca7,1.0,1.0,0.001,1000.0,none,4,0.2576312576312576,False,False,True,0.39990234375,0.0027774099336321263,1.0,0.0027774099336321263,1.1312278451922374e-10,2.91825683051878e-12,672,0.002603998999445278,1.0,0.002603998999445278,8.50616054241142e-11,2.8635220711782364e-12,711,0.40017111196787913,1.0,0.40017111196787913,2.6171915407976887e-10,8.20886694295831e-11,617
002A_mobility_sweep,cylinders,16,0.39990234375,fraction of transport phase voxels,0.0,0.0,0.0,random,20260910,1638,0,seeded uniform sampling without replacement from transport phase,ad7facb2586fc6e966c004d7d1d16b024f5805ff7cb47c7a85dabd8b48892ca7,1.0,0.1,0.001,1000.0,none,4,0.2576312576312576,False,False,True,0.39990234375,0.0027774099336321263,1.0,0.0027774099336321263,1.1312278451922374e-10,2.91825683051878e-12,672,0.002603998999445278,1.0,0.002603998999445278,8.50616054241142e-11,2.8635220711782364e-12,711,0.40017111196787913,1.0,0.40017111196787913,2.6171915407976887e-10,8.20886694295831e-11,617
002A_mobility_sweep,cylinders,16,0.39990234375,fraction of transport phase voxels,0.0,0.0,0.0,random,20260911,1638,0,seeded uniform sampling without replacement from transport phase,ad7facb2586fc6e966c004d7d1d16b024f5805ff7cb47c7a85dabd8b48892ca7,1.0,0.1,0.001,1000.0,none,4,0.2576312576312576,False,False,True,0.39990234375,0.0027774099336321263,1.0,0.0027774099336321263,1.1312278451922374e-10,2.91825683051878e-12,672,0.002603998999445278,1.0,0.002603998999445278,8.50616054241142e-11,2.8635220711782364e-12,711,0.40017111196787913,1.0,0.40017111196787913,2.6171915407976887e-10,8.20886694295831e-11,617
002A_mobility_sweep,cylinders,16,0.39990234375,fraction of transport phase voxels,0.0,0.0,0.0,random,20260912,1638,0,seeded uniform sampling without replacement from transport phase,ad7facb2586fc6e966c004d7d1d16b024f5805ff7cb47c7a85dabd8b48892ca7,1.0,0.1,0.001,1000.0,none,4,0.2576312576312576,False,False,True,0.39990234375,0.0027774099336321263,1.0,0.0027774099336321263,1.1312278451922374e-10,2.91825683051878e-12,672,0.002603998999445278,1.0,0.002603998999445278,8.50616054241142e-11,2.8635220711782364e-12,711,0.40017111196787913,1.0,0.40017111196787913,2.6171915407976887e-10,8.20886694295831e-11,617
002A_mobility_sweep,cylinders,16,0.39990234375,fraction of transport phase voxels,0.0,0.0,0.0,random,20260910,1638,0,seeded uniform sampling without replacement from transport phase,ad7facb2586fc6e966c004d7d1d16b024f5805ff7cb47c7a85dabd8b48892ca7,1.0,0.01,0.001,1000.0,none,4,0.2576312576312576,False,False,True,0.39990234375,0.0027774099336321263,1.0,0.0027774099336321263,1.1312278451922374e-10,2.91825683051878e-12,672,0.002603998999445278,1.0,0.002603998999445278,8.50616054241142e-11,2.8635220711782364e-12,711,0.40017111196787913,1.0,0.40017111196787913,2.6171915407976887e-10,8.20886694295831e-11,617
002A_mobility_sweep,cylinders,16,0.39990234375,fraction of transport phase voxels,0.0,0.0,0.0,random,20260911,1638,0,seeded uniform sampling without replacement from transport phase,ad7facb2586fc6e966c004d7d1d16b024f5805ff7cb47c7a85dabd8b48892ca7,1.0,0.01,0.001,1000.0,none,4,0.2576312576312576,False,False,True,0.39990234375,0.0027774099336321263,1.0,0.0027774099336321263,1.1312278451922374e-10,2.91825683051878e-12,672,0.002603998999445278,1.0,0.002603998999445278,8.50616054241142e-11,2.8635220711782364e-12,711,0.40017111196787913,1.0,0.40017111196787913,2.6171915407976887e-10,8.20886694295831e-11,617
002A_mobility_sweep,cylinders,16,0.39990234375,fraction of transport phase voxels,0.0,0.0,0.0,random,20260912,1638,0,seeded uniform sampling without replacement from transport phase,ad7facb2586fc6e966c004d7d1d16b024f5805ff7cb47c7a85dabd8b48892ca7,1.0,0.01,0.001,1000.0,none,4,0.2576312576312576,False,False,True,0.39990234375,0.0027774099336321263,1.0,0.0027774099336321263,1.1312278451922374e-10,2.91825683051878e-12,672,0.002603998999445278,1.0,0.002603998999445278,8.50616054241142e-11,2.8635220711782364e-12,711,0.40017111196787913,1.0,0.40017111196787913,2.6171915407976887e-10,8.20886694295831e-11,617
002A_mobility_sweep,cylinders,16,0.39990234375,fraction of transport phase voxels,0.0,0.0,0.0,random,20260910,1638,0,seeded uniform sampling without replacement from transport phase,ad7facb2586fc6e966c004d7d1d16b024f5805ff7cb47c7a85dabd8b48892ca7,1.0,0.001,0.001,1000.0,none,4,0.2576312576312576,False,False,True,0.39990234375,0.0027774099336321263,1.0,0.0027774099336321263,1.1312278451922374e-10,2.91825683051878e-12,672,0.002603998999445278,1.0,0.002603998999445278,8.50616054241142e-11,2.8635220711782364e-12,711,0.40017111196787913,1.0,0.40017111196787913,2.6171915407976887e-10,8.20886694295831e-11,617
002A_mobility_sweep,cylinders,16,0.39990234375,fraction of transport phase voxels,0.0,0.0,0.0,random,20260911,1638,0,seeded uniform sampling without replacement from transport phase,ad7facb2586fc6e966c004d7d1d16b024f5805ff7cb47c7a85dabd8b48892ca7,1.0,0.001,0.001,1000.0,none,4,0.2576312576312576,False,False,True,0.39990234375,0.0027774099336321263,1.0,0.0027774099336321263,1.1312278451922374e-10,2.91825683051878e-12,672,0.002603998999445278,1.0,0.002603998999445278,8.50616054241142e-11,2.8635220711782364e-12,711,0.40017111196787913,1.0,0.40017111196787913,2.6171915407976887e-10,8.20886694295831e-11,617
002A_mobility_sweep,cylinders,16,0.39990234375,fraction of transport phase voxels,0.0,0.0,0.0,random,20260912,1638,0,seeded uniform sampling without replacement from transport phase,ad7facb2586fc6e966c004d7d1d16b024f5805ff7cb47c7a85dabd8b48892ca7,1.0,0.001,0.001,1000.0,none,4,0.2576312576312576,False,False,True,0.39990234375,0.0027774099336321263,1.0,0.0027774099336321263,1.1312278451922374e-10,2.91825683051878e-12,672,0.002603998999445278,1.0,0.002603998999445278,8.50616054241142e-11,2.8635220711782364e-12,711,0.40017111196787913,1.0,0.40017111196787913,2.6171915407976887e-10,8.20886694295831e-11,617
002A_mobility_sweep,cylinders,16,0.39990234375,fraction of transport phase voxels,0.1,0.10012210012210013,0.0400390625,random,20260910,1638,164,seeded uniform sampling without replacement from transport phase,bd44ee82baad391a5fdac2fd297ed502ce0f2fe6fb13572215ccf1b83a7110c1,1.0,1.0,0.001,1000.0,none,4,0.2576312576312576,False,False,True,0.39990234375,0.0027774099336321263,1.0,0.0027774099336321263,1.1312278451922374e-10,2.91825683051878e-12,672,0.002603998999445278,1.0,0.002603998999445278,8.50616054241142e-11,2.8635220711782364e-12,711,0.40017111196787913,1.0,0.40017111196787913,2.6171915407976887e-10,8.20886694295831e-11,617
002A_mobility_sweep,cylinders,16,0.39990234375,fraction of transport phase voxels,0.1,0.10012210012210013,0.0400390625,random,20260911,1638,164,seeded uniform sampling without replacement from transport phase,8c0677192af889df87ccfa9f4fa1d6fcb7cf475bf7d1ea1bfefd208ba09a93a6,1.0,1.0,0.001,1000.0,none,4,0.2576312576312576,False,False,True,0.39990234375,0.0027774099336321263,1.0,0.0027774099336321263,1.1312278451922374e-10,2.91825683051878e-12,672,0.002603998999445278,1.0,0.002603998999445278,8.50616054241142e-11,2.8635220711782364e-12,711,0.40017111196787913,1.0,0.40017111196787913,2.6171915407976887e-10,8.20886694295831e-11,617
002A_mobility_sweep,cylinders,16,0.39990234375,fraction of transport phase voxels,0.1,0.10012210012210013,0.0400390625,random,20260912,1638,164,seeded uniform sampling without replacement from transport phase,2c757e30ed73eee5cdd0d4fc51e92bf82a5394744e17a5e001c6364a56b36e36,1.0,1.0,0.001,1000.0,none,4,0.2576312576312576,False,False,True,0.39990234375,0.0027774099336321263,1.0,0.0027774099336321263,1.1312278451922374e-10,2.91825683051878e-12,672,0.002603998999445278,1.0,0.002603998999445278,8.50616054241142e-11,2.8635220711782364e-12,711,0.40017111196787913,1.0,0.40017111196787913,2.6171915407976887e-10,8.20886694295831e-11,617
002A_mobility_sweep,cylinders,16,0.39990234375,fraction of transport phase voxels,0.1,0.10012210012210013,0.0400390625,random,20260910,1638,164,seeded uniform sampling without replacement from transport phase,bd44ee82baad391a5fdac2fd297ed502ce0f2fe6fb13572215ccf1b83a7110c1,1.0,0.1,0.001,1000.0,none,4,0.2576312576312576,False,False,True,0.39990234375,0.0027738132169191714,0.9987050104957854,0.0027774099336321263,4.015601795607017e-11,2.2258128682904652e-12,975,0.0025997802781331496,0.998379906707711,0.002603998999445278,6.402604781768259e-11,2.6500915991077857e-12,978,0.32108053864877767,0.8023581139323973,0.40017111196787913,2.9555558262240885e-10,8.599348449035561e-11,755
002A_mobility_sweep,cylinders,16,0.39990234375,fraction of transport phase voxels,0.1,0.10012210012210013,0.0400390625,random,20260911,1638,164,seeded uniform sampling without replacement from transport phase,8c0677192af889df87ccfa9f4fa1d6fcb7cf475bf7d1ea1bfefd208ba09a93a6,1.0,0.1,0.001,1000.0,none,4,0.2576312576312576,False,False,True,0.39990234375,0.0027731389061886537,0.998462226482395,0.0027774099336321263,4.408920112618482e-11,3.13646838663628e-12,955,0.00259900700157372,0.9980829493895268,0.002603998999445278,7.565833555635894e-11,2.817752415778303e-12,964,0.3223990143936409,0.8056528938538651,0.40017111196787913,7.354578515900819e-11,8.772899303209006e-11,768
002A_mobility_sweep,cylinders,16,0.39990234375,fraction of transport phase voxels,0.1,0.10012210012210013,0.0400390625,random,20260912,1638,164,seeded uniform sampling without replacement from transport phase,2c757e30ed73eee5cdd0d4fc51e92bf82a5394744e17a5e001c6364a56b36e36,1.0,0.1,0.001,1000.0,none,4,0.2576312576312576,False,False,True,0.39990234375,0.0027733303412897413,0.9985311522462045,0.0027774099336321263,1.3164657606688378e-10,2.5703462378883574e-12,942,0.00259973949683988,0.9983642456827727,0.002603998999445278,5.18846060528844e-11,3.024009498120712e-12,975,0.32369687413779746,0.8088961558119165,0.40017111196787913,2.0117215960799766e-10,8.602062208595848e-11,755
002A_mobility_sweep,cylinders,16,0.39990234375,fraction of transport phase voxels,0.1,0.10012210012210013,0.0400390625,random,20260910,1638,164,seeded uniform sampling without replacement from transport phase,bd44ee82baad391a5fdac2fd297ed502ce0f2fe6fb13572215ccf1b83a7110c1,1.0,0.01,0.001,1000.0,none,4,0.2576312576312576,False,False,True,0.39990234375,0.0027617861079684636,0.994374677834024,0.0027774099336321263,4.137434915394518e-11,3.097816596548672e-12,1209,0.002589551622443161,0.9944518500179168,0.002603998999445278,5.584733593338287e-11,2.9529706371851407e-12,1248,0.2989569242155419,0.7470727278273362,0.40017111196787913,1.1734635154893018e-09,8.830580605084428e-11,960
002A_mobility_sweep,cylinders,16,0.39990234375,fraction of transport phase voxels,0.1,0.10012210012210013,0.0400390625,random,20260911,1638,164,seeded uniform sampling without replacement from transport phase,8c0677192af889df87ccfa9f4fa1d6fcb7cf475bf7d1ea1bfefd208ba09a93a6,1.0,0.01,0.001,1000.0,none,4,0.2576312576312576,False,False,True,0.39990234375,0.0027643370709452618,0.9952931461328186,0.0027774099336321263,9.052219573356416e-14,2.9911546657973072e-12,1196,0.002590139194960147,0.9946774923922461,0.002603998999445278,3.075419066576182e-11,2.84820695885188e-12,1266,0.300757927548313,0.7515733109001985,0.40017111196787913,9.985449970112247e-10,9.314695591706926e-11,936
002A_mobility_sweep,cylinders,16,0.39990234375,fraction of transport phase voxels,0.1,0.10012210012210013,0.0400390625,random,20260912,1638,164,seeded uniform sampling without replacement from transport phase,2c757e30ed73eee5cdd0d4fc51e92bf82a5394744e17a5e001c6364a56b36e36,1.0,0.01,0.001,1000.0,none,4,0.2576312576312576,False,False,True,0.39990234375,0.0027636856455347937,0.9950586019257932,0.0027774099336321263,7.320609379395207e-11,2.8466880902955796e-12,1185,0.0025899143483375446,0.9945911457298049,0.002603998999445278,3.940849402024938e-11,2.3219860900170852e-12,1244,0.30302714973838557,0.757243940593865,0.40017111196787913,2.340673531210373e-10,8.872984712913606e-11,952
002A_mobility_sweep,cylinders,16,0.39990234375,fraction of transport phase voxels,0.1,0.10012210012210013,0.0400390625,random,20260910,1638,164,seeded uniform sampling without replacement from transport phase,bd44ee82baad391a5fdac2fd297ed502ce0f2fe6fb13572215ccf1b83a7110c1,1.0,0.001,0.001,1000.0,none,4,0.2576312576312576,False,False,True,0.39990234375,0.0027009889967919485,0.9724848190701763,0.0027774099336321263,1.2016750144093666e-11,2.344951545502721e-12,972,0.0025398489357701553,0.975364789430108,0.002603998999445278,6.523870269298552e-11,3.048223519896951e-12,1006,0.2962346986133627,0.7402700738606559,0.40017111196787913,1.2074828407550547e-10,9.214946411291588e-11,775
002A_mobility_sweep,cylinders,16,0.39990234375,fraction of transport phase voxels,0.1,0.10012210012210013,0.0400390625,random,20260911,1638,164,seeded uniform sampling without replacement from transport phase,8c0677192af889df87ccfa9f4fa1d6fcb7cf475bf7d1ea1bfefd208ba09a93a6,1.0,0.001,0.001,1000.0,none,4,0.2576312576312576,False,False,True,0.39990234375,0.0027226592477788522,0.9802871426395187,0.0027774099336321263,1.0519072825793841e-11,2.8788022673964875e-12,968,0.0025470872569574115,0.9781444837344445,0.002603998999445278,5.570590610986454e-11,3.1665434856313436e-12,1013,0.29809529499077586,0.7449195758406052,0.40017111196787913,3.617121618188455e-10,9.901632590815102e-11,719
002A_mobility_sweep,cylinders,16,0.39990234375,fraction of transport phase voxels,0.1,0.10012210012210013,0.0400390625,random,20260912,1638,164,seeded uniform sampling without replacement from transport phase,2c757e30ed73eee5cdd0d4fc51e92bf82a5394744e17a5e001c6364a56b36e36,1.0,0.001,0.001,1000.0,none,4,0.2576312576312576,False,False,True,0.39990234375,0.0027166737915288236,0.9781320930094479,0.0027774099336321263,2.3939280821287178e-11,2.6526460523233142e-12,943,0.002542355960320622,0.9763275488439944,0.002603998999445278,5.567805525621826e-13,2.304263463976067e-12,1027,0.3005139187145025,0.750963549659287,0.40017111196787913,1.1403180266880043e-11,7.783493561262179e-11,757
002A_mobility_sweep,cylinders,16,0.39990234375,fraction of transport phase voxels,0.2,0.20024420024420025,0.080078125,random,20260910,1638,328,seeded uniform sampling without replacement from transport phase,a26bcfbd6ef97fc46cb98b70254530a68cc0d3b1a030079aebb4d0b93f4bbdd7,1.0,1.0,0.001,1000.0,none,4,0.2576312576312576,False,False,True,0.39990234375,0.0027774099336321263,1.0,0.0027774099336321263,1.1312278451922374e-10,2.91825683051878e-12,672,0.002603998999445278,1.0,0.002603998999445278,8.50616054241142e-11,2.8635220711782364e-12,711,0.40017111196787913,1.0,0.40017111196787913,2.6171915407976887e-10,8.20886694295831e-11,617
002A_mobility_sweep,cylinders,16,0.39990234375,fraction of transport phase voxels,0.2,0.20024420024420025,0.080078125,random,20260911,1638,328,seeded uniform sampling without replacement from transport phase,9762e2d12ea3ebe81edd5797aaa23f5f8ff0accd0df0f0ccc56a0aa9aa98c6d9,1.0,1.0,0.001,1000.0,none,4,0.2576312576312576,False,False,True,0.39990234375,0.0027774099336321263,1.0,0.0027774099336321263,1.1312278451922374e-10,2.91825683051878e-12,672,0.002603998999445278,1.0,0.002603998999445278,8.50616054241142e-11,2.8635220711782364e-12,711,0.40017111196787913,1.0,0.40017111196787913,2.6171915407976887e-10,8.20886694295831e-11,617
002A_mobility_sweep,cylinders,16,0.39990234375,fraction of transport phase voxels,0.2,0.20024420024420025,0.080078125,random,20260912,1638,328,seeded uniform sampling without replacement from transport phase,d78a1f4f1d0d39dec57a5c82e20dcf26f19b7a59c35f697e0c8a7990eba8da30,1.0,1.0,0.001,1000.0,none,4,0.2576312576312576,False,False,True,0.39990234375,0.0027774099336321263,1.0,0.0027774099336321263,1.1312278451922374e-10,2.91825683051878e-12,672,0.002603998999445278,1.0,0.002603998999445278,8.50616054241142e-11,2.8635220711782364e-12,711,0.40017111196787913,1.0,0.40017111196787913,2.6171915407976887e-10,8.20886694295831e-11,617
002A_mobility_sweep,cylinders,16,0.39990234375,fraction of transport phase voxels,0.2,0.20024420024420025,0.080078125,random,20260910,1638,328,seeded uniform sampling without replacement from transport phase,a26bcfbd6ef97fc46cb98b70254530a68cc0d3b1a030079aebb4d0b93f4bbdd7,1.0,0.1,0.001,1000.0,none,4,0.2576312576312576,False,False,True,0.39990234375,0.0027703212685036838,0.9974477425738979,0.0027774099336321263,2.704320649322651e-11,2.944795091071644e-12,1002,0.002593395053294042,0.9959278224939814,0.002603998999445278,2.6546992084200573e-11,2.4137053735018693e-12,1032,0.2558539224223535,0.6393613001302562,0.40017111196787913,8.026845820472346e-10,9.519973477470316e-11,783
002A_mobility_sweep,cylinders,16,0.39990234375,fraction of transport phase voxels,0.2,0.20024420024420025,0.080078125,random,20260911,1638,328,seeded uniform sampling without replacement from transport phase,9762e2d12ea3ebe81edd5797aaa23f5f8ff0accd0df0f0ccc56a0aa9aa98c6d9,1.0,0.1,0.001,1000.0,none,4,0.2576312576312576,False,False,True,0.39990234375,0.0027704693591406176,0.9975010622639949,0.0027774099336321263,1.9008549943240963e-10,2.9656907409205228e-12,994,0.0025927920920930957,0.9956962704845241,0.002603998999445278,2.826528033206889e-11,2.2943952491538848e-12,1023,0.2568116611534019,0.6417546231423513,0.40017111196787913,6.184990804224095e-10,8.291436275770615e-11,794
002A_mobility_sweep,cylinders,16,0.39990234375,fraction of transport phase voxels,0.2,0.20024420024420025,0.080078125,random,20260912,1638,328,seeded uniform sampling without replacement from transport phase,d78a1f4f1d0d39dec57a5c82e20dcf26f19b7a59c35f697e0c8a7990eba8da30,1.0,0.1,0.001,1000.0,none,4,0.2576312576312576,False,False,True,0.39990234375,0.0027701166776438538,0.9973740801096889,0.0027774099336321263,3.168664610679739e-11,2.48180565241229e-12,994,0.0025962963119417503,0.9970419775486977,0.002603998999445278,6.735350912816968e-11,2.8514552392086354e-12,1017,0.25627940178258796,0.6404245436965949,0.40017111196787913,4.887256223178753e-10,9.768644943377444e-11,773
002A_mobility_sweep,cylinders,16,0.39990234375,fraction of transport phase voxels,0.2,0.20024420024420025,0.080078125,random,20260910,1638,328,seeded uniform sampling without replacement from transport phase,a26bcfbd6ef97fc46cb98b70254530a68cc0d3b1a030079aebb4d0b93f4bbdd7,1.0,0.01,0.001,1000.0,none,4,0.2576312576312576,False,False,True,0.39990234375,0.00274977219534115,0.990049096477871,0.0027774099336321263,6.965633707049867e-11,2.513147948032931e-12,1266,0.0025720794347758105,0.9877420979515479,0.002603998999445278,3.122844211581139e-12,2.8720686761162257e-12,1360,0.21696480491006404,0.5421800785247071,0.40017111196787913,2.470416673885424e-10,9.396362782397262e-11,1003
002A_mobility_sweep,cylinders,16,0.39990234375,fraction of transport phase voxels,0.2,0.20024420024420025,0.080078125,random,20260911,1638,328,seeded uniform sampling without replacement from transport phase,9762e2d12ea3ebe81edd5797aaa23f5f8ff0accd0df0f0ccc56a0aa9aa98c6d9,1.0,0.01,0.001,1000.0,none,4,0.2576312576312576,False,False,True,0.39990234375,0.002748594686204228,0.9896251370462208,0.0027774099336321263,8.932003425007805e-11,3.0728069619918627e-12,1256,0.0025710142450154133,0.9873330387466004,0.002603998999445278,2.5643368905184588e-11,3.0336141091462434e-12,1322,0.21661369246682832,0.5413026727531882,0.40017111196787913,1.724806446073252e-10,9.34499574578866e-11,994
002A_mobility_sweep,cylinders,16,0.39990234375,fraction of transport phase voxels,0.2,0.20024420024420025,0.080078125,random,20260912,1638,328,seeded uniform sampling without replacement from transport phase,d78a1f4f1d0d39dec57a5c82e20dcf26f19b7a59c35f697e0c8a7990eba8da30,1.0,0.01,0.001,1000.0,none,4,0.2576312576312576,False,False,True,0.39990234375,0.002750421680138464,0.9902829419716345,0.0027774099336321263,4.8684015017622286e-11,3.0205041183020066e-12,1235,0.002578238202251897,0.9901072169386899,0.002603998999445278,1.3329997125620792e-11,2.897659240093328e-12,1338,0.21659671345100495,0.5412602433640704,0.40017111196787913,2.7913998355505708e-11,9.867032376685971e-11,979
002A_mobility_sweep,cylinders,16,0.39990234375,fraction of transport phase voxels,0.2,0.20024420024420025,0.080078125,random,20260910,1638,328,seeded uniform sampling without replacement from transport phase,a26bcfbd6ef97fc46cb98b70254530a68cc0d3b1a030079aebb4d0b93f4bbdd7,1.0,0.001,0.001,1000.0,none,4,0.2576312576312576,False,False,True,0.39990234375,0.002648082952426795,0.9534361205959232,0.0027774099336321263,7.066254641763487e-12,3.063069623683949e-12,1056,0.002474096466650578,0.9501142155498628,0.002603998999445278,6.817148362402784e-12,2.8989468820989518e-12,1111,0.21209740988399012,0.5300167941683275,0.40017111196787913,7.227307761562437e-11,9.238382243276416e-11,809
002A_mobility_sweep,cylinders,16,0.39990234375,fraction of transport phase voxels,0.2,0.20024420024420025,0.080078125,random,20260911,1638,328,seeded uniform sampling without replacement from transport phase,9762e2d12ea3ebe81edd5797aaa23f5f8ff0accd0df0f0ccc56a0aa9aa98c6d9,1.0,0.001,0.001,1000.0,none,4,0.2576312576312576,False,False,True,0.39990234375,0.002639779879832153,0.9504466185803587,0.0027774099336321263,5.487736174232468e-11,2.475949656007593e-12,1058,0.002471452019387121,0.9490986824163938,0.002603998999445278,1.7532172440755612e-11,2.4125520793499803e-12,1124,0.21133679371474887,0.528116066838209,0.40017111196787913,3.164267678065584e-11,7.526601862791268e-11,804
002A_mobility_sweep,cylinders,16,0.39990234375,fraction of transport phase voxels,0.2,0.20024420024420025,0.080078125,random,20260912,1638,328,seeded uniform sampling without replacement from transport phase,d78a1f4f1d0d39dec57a5c82e20dcf26f19b7a59c35f697e0c8a7990eba8da30,1.0,0.001,0.001,1000.0,none,4,0.2576312576312576,False,False,True,0.39990234375,0.002655393553430241,0.9560682855186884,0.0027774099336321263,3.8692809048708495e-11,3.1215622379485734e-12,1039,0.0024912806023081988,0.9567133485223722,0.002603998999445278,9.440435458087923e-11,3.1199584447570153e-12,1101,0.21148209737216245,0.5284791706532221,0.40017111196787913,7.780290512413243e-11,8.280375061330153e-11,806
002A_mobility_sweep,cylinders,16,0.39990234375,fraction of transport phase voxels,0.4,0.3998778998778999,0.159912109375,random,20260910,1638,655,seeded uniform sampling without replacement from transport phase,bc5f6f750779fb59ecfd200b5fe839973c325402c8f6f87074c8194c04b66f57,1.0,1.0,0.001,1000.0,none,4,0.2576312576312576,False,False,True,0.39990234375,0.0027774099336321263,1.0,0.0027774099336321263,1.1312278451922374e-10,2.91825683051878e-12,672,0.002603998999445278,1.0,0.002603998999445278,8.50616054241142e-11,2.8635220711782364e-12,711,0.40017111196787913,1.0,0.40017111196787913,2.6171915407976887e-10,8.20886694295831e-11,617
002A_mobility_sweep,cylinders,16,0.39990234375,fraction of transport phase voxels,0.4,0.3998778998778999,0.159912109375,random,20260911,1638,655,seeded uniform sampling without replacement from transport phase,4fe02d98aa5500581e1af07b9f68dc63a79db9a6086dc3bbf2808f9f70ae3b71,1.0,1.0,0.001,1000.0,none,4,0.2576312576312576,False,False,True,0.39990234375,0.0027774099336321263,1.0,0.0027774099336321263,1.1312278451922374e-10,2.91825683051878e-12,672,0.002603998999445278,1.0,0.002603998999445278,8.50616054241142e-11,2.8635220711782364e-12,711,0.40017111196787913,1.0,0.40017111196787913,2.6171915407976887e-10,8.20886694295831e-11,617
002A_mobility_sweep,cylinders,16,0.39990234375,fraction of transport phase voxels,0.4,0.3998778998778999,0.159912109375,random,20260912,1638,655,seeded uniform sampling without replacement from transport phase,d9ba5f1c13f4c31d5cef7ea8f573dfb704a767e342a6cb3507f2586110b9470a,1.0,1.0,0.001,1000.0,none,4,0.2576312576312576,False,False,True,0.39990234375,0.0027774099336321263,1.0,0.0027774099336321263,1.1312278451922374e-10,2.91825683051878e-12,672,0.002603998999445278,1.0,0.002603998999445278,8.50616054241142e-11,2.8635220711782364e-12,711,0.40017111196787913,1.0,0.40017111196787913,2.6171915407976887e-10,8.20886694295831e-11,617
002A_mobility_sweep,cylinders,16,0.39990234375,fraction of transport phase voxels,0.4,0.3998778998778999,0.159912109375,random,20260910,1638,655,seeded uniform sampling without replacement from transport phase,bc5f6f750779fb59ecfd200b5fe839973c325402c8f6f87074c8194c04b66f57,1.0,0.1,0.001,1000.0,none,4,0.2576312576312576,False,False,True,0.39990234375,0.002756862713217125,0.9926020209814217,0.0027774099336321263,1.5470766294224546e-11,2.518209293593702e-12,1041,0.0025728999922130335,0.9880572122958307,0.002603998999445278,3.644426211987108e-11,2.9076971313798714e-12,1098,0.15019626538238268,0.37533010477387635,0.40017111196787913,2.478584631088845e-09,9.985743932299305e-11,829
002A_mobility_sweep,cylinders,16,0.39990234375,fraction of transport phase voxels,0.4,0.3998778998778999,0.159912109375,random,20260911,1638,655,seeded uniform sampling without replacement from transport phase,4fe02d98aa5500581e1af07b9f68dc63a79db9a6086dc3bbf2808f9f70ae3b71,1.0,0.1,0.001,1000.0,none,4,0.2576312576312576,False,False,True,0.39990234375,0.00275908376553923,0.9934017057147446,0.0027774099336321263,4.402693855182772e-12,2.606944550722912e-12,1042,0.0025806566141969886,0.9910359469211539,0.002603998999445278,3.6576043063225435e-11,2.7371058059456473e-12,1091,0.15215250105991582,0.3802186027664305,0.40017111196787913,4.6967353464867695e-11,9.313237339250528e-11,827
002A_mobility_sweep,cylinders,16,0.39990234375,fraction of transport phase voxels,0.4,0.3998778998778999,0.159912109375,random,20260912,1638,655,seeded uniform sampling without replacement from transport phase,d9ba5f1c13f4c31d5cef7ea8f573dfb704a767e342a6cb3507f2586110b9470a,1.0,0.1,0.001,1000.0,none,4,0.2576312576312576,False,False,True,0.39990234375,0.002751802616211562,0.9907801447994835,0.0027774099336321263,2.8159758703393295e-12,2.6416860681038994e-12,1049,0.002569633768249228,0.9868029015359182,0.002603998999445278,4.3690376808335154e-11,2.780313818621864e-12,1104,0.15517778590297612,0.38777858086725636,0.40017111196787913,1.1573263578422621e-10,8.503599264379478e-11,845
002A_mobility_sweep,cylinders,16,0.39990234375,fraction of transport phase voxels,0.4,0.3998778998778999,0.159912109375,random,20260910,1638,655,seeded uniform sampling without replacement from transport phase,bc5f6f750779fb59ecfd200b5fe839973c325402c8f6f87074c8194c04b66f57,1.0,0.01,0.001,1000.0,none,4,0.2576312576312576,False,False,True,0.39990234375,0.002698474429315957,0.9715794548869702,0.0027774099336321263,2.6675523478546586e-11,2.591445802206877e-12,1344,0.0025134629323192628,0.9652319117076075,0.002603998999445278,8.195800706735522e-12,2.877971041108099e-12,1448,0.07740931831865525,0.19344054581548287,0.40017111196787913,4.898681724513262e-10,9.822520569982379e-11,1061
002A_mobility_sweep,cylinders,16,0.39990234375,fraction of transport phase voxels,0.4,0.3998778998778999,0.159912109375,random,20260911,1638,655,seeded uniform sampling without replacement from transport phase,4fe02d98aa5500581e1af07b9f68dc63a79db9a6086dc3bbf2808f9f70ae3b71,1.0,0.01,0.001,1000.0,none,4,0.2576312576312576,False,False,True,0.39990234375,0.0027024151756356784,0.972998311452579,0.0027774099336321263,6.733233202396916e-11,2.9906729097923308e-12,1309,0.0025152962452637084,0.965935949207175,0.002603998999445278,1.2506986648118957e-11,3.105086331942989e-12,1438,0.08504943798185133,0.21253267774281034,0.40017111196787913,1.6409968385299791e-10,9.426795395557344e-11,1055
002A_mobility_sweep,cylinders,16,0.39990234375,fraction of transport phase voxels,0.4,0.3998778998778999,0.159912109375,random,20260912,1638,655,seeded uniform sampling without replacement from transport phase,d9ba5f1c13f4c31d5cef7ea8f573dfb704a767e342a6cb3507f2586110b9470a,1.0,0.01,0.001,1000.0,none,4,0.2576312576312576,False,False,True,0.39990234375,0.0026880361555755325,0.9678211786548497,0.0027774099336321263,2.0597789486118742e-11,3.073954816560548e-12,1341,0.0024987205843206173,0.9595704855696612,0.002603998999445278,2.166633513909637e-11,3.100236227759079e-12,1441,0.08615010953085267,0.21528318000567656,0.40017111196787913,3.9873902413618034e-11,8.809539006358119e-11,1056
002A_mobility_sweep,cylinders,16,0.39990234375,fraction of transport phase voxels,0.4,0.3998778998778999,0.159912109375,random,20260910,1638,655,seeded uniform sampling without replacement from transport phase,bc5f6f750779fb59ecfd200b5fe839973c325402c8f6f87074c8194c04b66f57,1.0,0.001,0.001,1000.0,none,4,0.2576312576312576,False,False,True,0.39990234375,0.002460667867310259,0.8859577542060377,0.0027774099336321263,2.2914518018197743e-11,3.152102111500901e-12,1272,0.0022799818142908196,0.8755693895337584,0.002603998999445278,1.024122715416469e-11,3.1785460471628458e-12,1358,0.0631738948357746,0.15786720466930013,0.40017111196787913,1.1515019909329204e-10,9.033279335080076e-11,1006
002A_mobility_sweep,cylinders,16,0.39990234375,fraction of transport phase voxels,0.4,0.3998778998778999,0.159912109375,random,20260911,1638,655,seeded uniform sampling without replacement from transport phase,4fe02d98aa5500581e1af07b9f68dc63a79db9a6086dc3bbf2808f9f70ae3b71,1.0,0.001,0.001,1000.0,none,4,0.2576312576312576,False,False,True,0.39990234375,0.0024573985357370827,0.8847806389615118,0.0027774099336321263,1.692810589321663e-11,3.1657487217189323e-12,1246,0.00227789420118709,0.8747676944854214,0.002603998999445278,1.912491998547235e-11,3.1465654190817943e-12,1332,0.07459192383917412,0.18640007139036427,0.40017111196787913,5.853518152197355e-10,6.540969352959918e-11,973
002A_mobility_sweep,cylinders,16,0.39990234375,fraction of transport phase voxels,0.4,0.3998778998778999,0.159912109375,random,20260912,1638,655,seeded uniform sampling without replacement from transport phase,d9ba5f1c13f4c31d5cef7ea8f573dfb704a767e342a6cb3507f2586110b9470a,1.0,0.001,0.001,1000.0,none,4,0.2576312576312576,False,False,True,0.39990234375,0.0024788064071663523,0.8924884933801333,0.0027774099336321263,4.173214067128761e-12,2.9788211352612085e-12,1278,0.0022859966054001213,0.8778792180362205,0.002603998999445278,2.1930890893787527e-11,2.809204300542634e-12,1347,0.07434753717862144,0.1857893659864912,0.40017111196787913,1.4965940001565346e-10,9.47567372039706e-11,986
002A_mobility_sweep,cylinders,16,0.39990234375,fraction of transport phase voxels,0.6,0.6001221001221001,0.239990234375,random,20260910,1638,983,seeded uniform sampling without replacement from transport phase,f684861d07e1d3ca1f2b7e77a9dbfa71c54185887654f3846715b7e34f0f9d40,1.0,1.0,0.001,1000.0,none,4,0.2576312576312576,False,False,True,0.39990234375,0.0027774099336321263,1.0,0.0027774099336321263,1.1312278451922374e-10,2.91825683051878e-12,672,0.002603998999445278,1.0,0.002603998999445278,8.50616054241142e-11,2.8635220711782364e-12,711,0.40017111196787913,1.0,0.40017111196787913,2.6171915407976887e-10,8.20886694295831e-11,617
002A_mobility_sweep,cylinders,16,0.39990234375,fraction of transport phase voxels,0.6,0.6001221001221001,0.239990234375,random,20260911,1638,983,seeded uniform sampling without replacement from transport phase,df68e11cab8e9362e06065a7cc0e42c45e901648a09bca281cea0a20d07ce689,1.0,1.0,0.001,1000.0,none,4,0.2576312576312576,False,False,True,0.39990234375,0.0027774099336321263,1.0,0.0027774099336321263,1.1312278451922374e-10,2.91825683051878e-12,672,0.002603998999445278,1.0,0.002603998999445278,8.50616054241142e-11,2.8635220711782364e-12,711,0.40017111196787913,1.0,0.40017111196787913,2.6171915407976887e-10,8.20886694295831e-11,617
002A_mobility_sweep,cylinders,16,0.39990234375,fraction of transport phase voxels,0.6,0.6001221001221001,0.239990234375,random,20260912,1638,983,seeded uniform sampling without replacement from transport phase,fa4d59b71ac35d01846bc5d23c7eed14f7dbdef06113b9b8b08a4e50dd3ceb49,1.0,1.0,0.001,1000.0,none,4,0.2576312576312576,False,False,True,0.39990234375,0.0027774099336321263,1.0,0.0027774099336321263,1.1312278451922374e-10,2.91825683051878e-12,672,0.002603998999445278,1.0,0.002603998999445278,8.50616054241142e-11,2.8635220711782364e-12,711,0.40017111196787913,1.0,0.40017111196787913,2.6171915407976887e-10,8.20886694295831e-11,617
002A_mobility_sweep,cylinders,16,0.39990234375,fraction of transport phase voxels,0.6,0.6001221001221001,0.239990234375,random,20260910,1638,983,seeded uniform sampling without replacement from transport phase,f684861d07e1d3ca1f2b7e77a9dbfa71c54185887654f3846715b7e34f0f9d40,1.0,0.1,0.001,1000.0,none,4,0.2576312576312576,False,False,True,0.39990234375,0.0027235241478721075,0.9805985479105886,0.0027774099336321263,5.2591718887716675e-11,2.3519606984076236e-12,1078,0.002520600585494787,0.9679729470064095,0.002603998999445278,1.0600110470233726e-11,2.9884902957900733e-12,1153,0.09103918455782489,0.22750064118854338,0.40017111196787913,7.222200217751194e-11,9.005397540191429e-11,861
002A_mobility_sweep,cylinders,16,0.39990234375,fraction of transport phase voxels,0.6,0.6001221001221001,0.239990234375,random,20260911,1638,983,seeded uniform sampling without replacement from transport phase,df68e11cab8e9362e06065a7cc0e42c45e901648a09bca281cea0a20d07ce689,1.0,0.1,0.001,1000.0,none,4,0.2576312576312576,False,False,True,0.39990234375,0.0027369867564715497,0.9854457288889604,0.0027774099336321263,4.3933653277629317e-11,3.004511958659206e-12,1066,0.0025406634294675846,0.975677575148383,0.002603998999445278,1.8204719342868603e-12,2.2367422380367923e-12,1122,0.09341457758734363,0.23343658448499355,0.40017111196787913,7.128994562809682e-11,9.675708787854173e-11,848
002A_mobility_sweep,cylinders,16,0.39990234375,fraction of transport phase voxels,0.6,0.6001221001221001,0.239990234375,random,20260912,1638,983,seeded uniform sampling without replacement from transport phase,fa4d59b71ac35d01846bc5d23c7eed14f7dbdef06113b9b8b08a4e50dd3ceb49,1.0,0.1,0.001,1000.0,none,4,0.2576312576312576,False,False,True,0.39990234375,0.002737064273777193,0.9854736388149331,0.0027774099336321263,4.692421386757877e-12,2.9666952544642073e-12,1067,0.002552858844262983,0.9803609159630288,0.002603998999445278,2.668499464189045e-11,2.540565681178976e-12,1115,0.08783205359688939,0.21948624218516674,0.40017111196787913,8.042038191985485e-10,9.188665335432638e-11,852
002A_mobility_sweep,cylinders,16,0.39990234375,fraction of transport phase voxels,0.6,0.6001221001221001,0.239990234375,random,20260910,1638,983,seeded uniform sampling without replacement from transport phase,f684861d07e1d3ca1f2b7e77a9dbfa71c54185887654f3846715b7e34f0f9d40,1.0,0.01,0.001,1000.0,none,4,0.2576312576312576,False,False,True,0.39990234375,0.0024932951639533,0.8977051366316393,0.0027774099336321263,8.253745843265234e-12,2.7817882462762185e-12,1339,0.0022475455596351075,0.8631130657553614,0.002603998999445278,9.698046111762107e-13,2.591406688323325e-12,1422,0.022409814400375427,0.05600058007729007,0.40017111196787913,2.5881389124997175e-09,9.514208422234166e-11,1019
002A_mobility_sweep,cylinders,16,0.39990234375,fraction of transport phase voxels,0.6,0.6001221001221001,0.239990234375,random,20260911,1638,983,seeded uniform sampling without replacement from transport phase,df68e11cab8e9362e06065a7cc0e42c45e901648a09bca281cea0a20d07ce689,1.0,0.01,0.001,1000.0,none,4,0.2576312576312576,False,False,True,0.39990234375,0.002573736306537007,0.9266677833081818,0.0027774099336321263,2.2374766103271762e-11,3.1358221577484083e-12,1277,0.0023664982766776975,0.9087938502210736,0.002603998999445278,1.4570331696809453e-11,2.9046135432305014e-12,1383,0.023797043116447095,0.05946716893036805,0.40017111196787913,3.4960466118519285e-09,9.205288498286445e-11,1025
002A_mobility_sweep,cylinders,16,0.39990234375,fraction of transport phase voxels,0.6,0.6001221001221001,0.239990234375,random,20260912,1638,983,seeded uniform sampling without replacement from transport phase,fa4d59b71ac35d01846bc5d23c7eed14f7dbdef06113b9b8b08a4e50dd3ceb49,1.0,0.01,0.001,1000.0,none,4,0.2576312576312576,False,False,True,0.39990234375,0.0025851558560668507,0.9307793656106582,0.0027774099336321263,2.3045267539927732e-11,3.1017276627185035e-12,1299,0.0023808293088238936,0.9142973209018416,0.002603998999445278,2.4351988527366278e-11,3.1915953905731198e-12,1393,0.017237169676872593,0.043074497786977146,0.40017111196787913,2.21848991931821e-09,9.648721556854486e-11,1016
002A_mobility_sweep,cylinders,16,0.39990234375,fraction of transport phase voxels,0.6,0.6001221001221001,0.239990234375,random,20260910,1638,983,seeded uniform sampling without replacement from transport phase,f684861d07e1d3ca1f2b7e77a9dbfa71c54185887654f3846715b7e34f0f9d40,1.0,0.001,0.001,1000.0,none,4,0.2576312576312576,False,False,True,0.39990234375,0.0018867822785315594,0.6793315800034392,0.0027774099336321263,2.0163890399581868e-11,2.6995737726125606e-12,1477,0.0016954917964660673,0.6511107710975514,0.002603998999445278,2.850682169553488e-11,3.094889739067837e-12,1456,0.008875376172450142,0.022178952720511593,0.40017111196787913,1.614902579921508e-08,9.908049589361603e-11,1090
002A_mobility_sweep,cylinders,16,0.39990234375,fraction of transport phase voxels,0.6,0.6001221001221001,0.239990234375,random,20260911,1638,983,seeded uniform sampling without replacement from transport phase,df68e11cab8e9362e06065a7cc0e42c45e901648a09bca281cea0a20d07ce689,1.0,0.001,0.001,1000.0,none,4,0.2576312576312576,False,False,True,0.39990234375,0.0020395552547577485,0.7343371354946309,0.0027774099336321263,3.396100195365192e-11,3.09008552584647e-12,1365,0.0018741601458420899,0.7197238348560566,0.002603998999445278,1.3472808762435776e-11,3.1753701010461747e-12,1463,0.0065340756661449355,0.016328204287443446,0.40017111196787913,1.2778515290051559e-08,9.812200351730918e-11,1117
002A_mobility_sweep,cylinders,16,0.39990234375,fraction of transport phase voxels,0.6,0.6001221001221001,0.239990234375,random,20260912,1638,983,seeded uniform sampling without replacement from transport phase,fa4d59b71ac35d01846bc5d23c7eed14f7dbdef06113b9b8b08a4e50dd3ceb49,1.0,0.001,0.001,1000.0,none,4,0.2576312576312576,False,False,True,0.39990234375,0.0020511867035182037,0.7385250116232528,0.0027774099336321263,9.602905164543785e-12,2.54791750952224e-12,1412,0.0018629380474960778,0.7154142716233508,0.002603998999445278,1.3027154317629892e-12,3.1273267238985338e-12,1442,0.003940629272297276,0.009847360677583298,0.40017111196787913,1.4049319224426094e-08,9.447588604224611e-11,1127
002A_mobility_sweep,gyroid_level_set,16,0.39990234375,fraction of transport phase voxels,0.0,0.0,0.0,random,20260910,1638,0,seeded uniform sampling without replacement from transport phase,ad7facb2586fc6e966c004d7d1d16b024f5805ff7cb47c7a85dabd8b48892ca7,1.0,1.0,0.001,1000.0,none,1,1.0,True,True,True,0.39990234375,0.22594840432527416,1.0,0.22594840432527416,4.0180272127795653e-10,8.353975103823228e-11,921,0.2259484043553433,1.0,0.2259484043553433,1.8804298808404064e-10,9.445409989971876e-11,905,0.22594840437157887,1.0,0.22594840437157887,1.5138104714346262e-11,7.938877320167707e-11,921
002A_mobility_sweep,gyroid_level_set,16,0.39990234375,fraction of transport phase voxels,0.0,0.0,0.0,random,20260911,1638,0,seeded uniform sampling without replacement from transport phase,ad7facb2586fc6e966c004d7d1d16b024f5805ff7cb47c7a85dabd8b48892ca7,1.0,1.0,0.001,1000.0,none,1,1.0,True,True,True,0.39990234375,0.22594840432527416,1.0,0.22594840432527416,4.0180272127795653e-10,8.353975103823228e-11,921,0.2259484043553433,1.0,0.2259484043553433,1.8804298808404064e-10,9.445409989971876e-11,905,0.22594840437157887,1.0,0.22594840437157887,1.5138104714346262e-11,7.938877320167707e-11,921
002A_mobility_sweep,gyroid_level_set,16,0.39990234375,fraction of transport phase voxels,0.0,0.0,0.0,random,20260912,1638,0,seeded uniform sampling without replacement from transport phase,ad7facb2586fc6e966c004d7d1d16b024f5805ff7cb47c7a85dabd8b48892ca7,1.0,1.0,0.001,1000.0,none,1,1.0,True,True,True,0.39990234375,0.22594840432527416,1.0,0.22594840432527416,4.0180272127795653e-10,8.353975103823228e-11,921,0.2259484043553433,1.0,0.2259484043553433,1.8804298808404064e-10,9.445409989971876e-11,905,0.22594840437157887,1.0,0.22594840437157887,1.5138104714346262e-11,7.938877320167707e-11,921
002A_mobility_sweep,gyroid_level_set,16,0.39990234375,fraction of transport phase voxels,0.0,0.0,0.0,random,20260910,1638,0,seeded uniform sampling without replacement from transport phase,ad7facb2586fc6e966c004d7d1d16b024f5805ff7cb47c7a85dabd8b48892ca7,1.0,0.1,0.001,1000.0,none,1,1.0,True,True,True,0.39990234375,0.22594840432527416,1.0,0.22594840432527416,4.0180272127795653e-10,8.353975103823228e-11,921,0.2259484043553433,1.0,0.2259484043553433,1.8804298808404064e-10,9.445409989971876e-11,905,0.22594840437157887,1.0,0.22594840437157887,1.5138104714346262e-11,7.938877320167707e-11,921
002A_mobility_sweep,gyroid_level_set,16,0.39990234375,fraction of transport phase voxels,0.0,0.0,0.0,random,20260911,1638,0,seeded uniform sampling without replacement from transport phase,ad7facb2586fc6e966c004d7d1d16b024f5805ff7cb47c7a85dabd8b48892ca7,1.0,0.1,0.001,1000.0,none,1,1.0,True,True,True,0.39990234375,0.22594840432527416,1.0,0.22594840432527416,4.0180272127795653e-10,8.353975103823228e-11,921,0.2259484043553433,1.0,0.2259484043553433,1.8804298808404064e-10,9.445409989971876e-11,905,0.22594840437157887,1.0,0.22594840437157887,1.5138104714346262e-11,7.938877320167707e-11,921
002A_mobility_sweep,gyroid_level_set,16,0.39990234375,fraction of transport phase voxels,0.0,0.0,0.0,random,20260912,1638,0,seeded uniform sampling without replacement from transport phase,ad7facb2586fc6e966c004d7d1d16b024f5805ff7cb47c7a85dabd8b48892ca7,1.0,0.1,0.001,1000.0,none,1,1.0,True,True,True,0.39990234375,0.22594840432527416,1.0,0.22594840432527416,4.0180272127795653e-10,8.353975103823228e-11,921,0.2259484043553433,1.0,0.2259484043553433,1.8804298808404064e-10,9.445409989971876e-11,905,0.22594840437157887,1.0,0.22594840437157887,1.5138104714346262e-11,7.938877320167707e-11,921
002A_mobility_sweep,gyroid_level_set,16,0.39990234375,fraction of transport phase voxels,0.0,0.0,0.0,random,20260910,1638,0,seeded uniform sampling without replacement from transport phase,ad7facb2586fc6e966c004d7d1d16b024f5805ff7cb47c7a85dabd8b48892ca7,1.0,0.01,0.001,1000.0,none,1,1.0,True,True,True,0.39990234375,0.22594840432527416,1.0,0.22594840432527416,4.0180272127795653e-10,8.353975103823228e-11,921,0.2259484043553433,1.0,0.2259484043553433,1.8804298808404064e-10,9.445409989971876e-11,905,0.22594840437157887,1.0,0.22594840437157887,1.5138104714346262e-11,7.938877320167707e-11,921
002A_mobility_sweep,gyroid_level_set,16,0.39990234375,fraction of transport phase voxels,0.0,0.0,0.0,random,20260911,1638,0,seeded uniform sampling without replacement from transport phase,ad7facb2586fc6e966c004d7d1d16b024f5805ff7cb47c7a85dabd8b48892ca7,1.0,0.01,0.001,1000.0,none,1,1.0,True,True,True,0.39990234375,0.22594840432527416,1.0,0.22594840432527416,4.0180272127795653e-10,8.353975103823228e-11,921,0.2259484043553433,1.0,0.2259484043553433,1.8804298808404064e-10,9.445409989971876e-11,905,0.22594840437157887,1.0,0.22594840437157887,1.5138104714346262e-11,7.938877320167707e-11,921
002A_mobility_sweep,gyroid_level_set,16,0.39990234375,fraction of transport phase voxels,0.0,0.0,0.0,random,20260912,1638,0,seeded uniform sampling without replacement from transport phase,ad7facb2586fc6e966c004d7d1d16b024f5805ff7cb47c7a85dabd8b48892ca7,1.0,0.01,0.001,1000.0,none,1,1.0,True,True,True,0.39990234375,0.22594840432527416,1.0,0.22594840432527416,4.0180272127795653e-10,8.353975103823228e-11,921,0.2259484043553433,1.0,0.2259484043553433,1.8804298808404064e-10,9.445409989971876e-11,905,0.22594840437157887,1.0,0.22594840437157887,1.5138104714346262e-11,7.938877320167707e-11,921
002A_mobility_sweep,gyroid_level_set,16,0.39990234375,fraction of transport phase voxels,0.0,0.0,0.0,random,20260910,1638,0,seeded uniform sampling without replacement from transport phase,ad7facb2586fc6e966c004d7d1d16b024f5805ff7cb47c7a85dabd8b48892ca7,1.0,0.001,0.001,1000.0,none,1,1.0,True,True,True,0.39990234375,0.22594840432527416,1.0,0.22594840432527416,4.0180272127795653e-10,8.353975103823228e-11,921,0.2259484043553433,1.0,0.2259484043553433,1.8804298808404064e-10,9.445409989971876e-11,905,0.22594840437157887,1.0,0.22594840437157887,1.5138104714346262e-11,7.938877320167707e-11,921
002A_mobility_sweep,gyroid_level_set,16,0.39990234375,fraction of transport phase voxels,0.0,0.0,0.0,random,20260911,1638,0,seeded uniform sampling without replacement from transport phase,ad7facb2586fc6e966c004d7d1d16b024f5805ff7cb47c7a85dabd8b48892ca7,1.0,0.001,0.001,1000.0,none,1,1.0,True,True,True,0.39990234375,0.22594840432527416,1.0,0.22594840432527416,4.0180272127795653e-10,8.353975103823228e-11,921,0.2259484043553433,1.0,0.2259484043553433,1.8804298808404064e-10,9.445409989971876e-11,905,0.22594840437157887,1.0,0.22594840437157887,1.5138104714346262e-11,7.938877320167707e-11,921
002A_mobility_sweep,gyroid_level_set,16,0.39990234375,fraction of transport phase voxels,0.0,0.0,0.0,random,20260912,1638,0,seeded uniform sampling without replacement from transport phase,ad7facb2586fc6e966c004d7d1d16b024f5805ff7cb47c7a85dabd8b48892ca7,1.0,0.001,0.001,1000.0,none,1,1.0,True,True,True,0.39990234375,0.22594840432527416,1.0,0.22594840432527416,4.0180272127795653e-10,8.353975103823228e-11,921,0.2259484043553433,1.0,0.2259484043553433,1.8804298808404064e-10,9.445409989971876e-11,905,0.22594840437157887,1.0,0.22594840437157887,1.5138104714346262e-11,7.938877320167707e-11,921
002A_mobility_sweep,gyroid_level_set,16,0.39990234375,fraction of transport phase voxels,0.1,0.10012210012210013,0.0400390625,random,20260910,1638,164,seeded uniform sampling without replacement from transport phase,8706c5ca3855888af76ada0514784100f6f1fdabf59de51b0c625c8cbc124814,1.0,1.0,0.001,1000.0,none,1,1.0,True,True,True,0.39990234375,0.22594840432527416,1.0,0.22594840432527416,4.0180272127795653e-10,8.353975103823228e-11,921,0.2259484043553433,1.0,0.2259484043553433,1.8804298808404064e-10,9.445409989971876e-11,905,0.22594840437157887,1.0,0.22594840437157887,1.5138104714346262e-11,7.938877320167707e-11,921
002A_mobility_sweep,gyroid_level_set,16,0.39990234375,fraction of transport phase voxels,0.1,0.10012210012210013,0.0400390625,random,20260911,1638,164,seeded uniform sampling without replacement from transport phase,f432bf136b2a8665bd53f07665a007a4944f9af5e0b6b2de197959e6793816b6,1.0,1.0,0.001,1000.0,none,1,1.0,True,True,True,0.39990234375,0.22594840432527416,1.0,0.22594840432527416,4.0180272127795653e-10,8.353975103823228e-11,921,0.2259484043553433,1.0,0.2259484043553433,1.8804298808404064e-10,9.445409989971876e-11,905,0.22594840437157887,1.0,0.22594840437157887,1.5138104714346262e-11,7.938877320167707e-11,921
002A_mobility_sweep,gyroid_level_set,16,0.39990234375,fraction of transport phase voxels,0.1,0.10012210012210013,0.0400390625,random,20260912,1638,164,seeded uniform sampling without replacement from transport phase,9e9a79fc2d95313f924a8422cd895eb23c81cc33b75fa0b8799df25dbf5585b7,1.0,1.0,0.001,1000.0,none,1,1.0,True,True,True,0.39990234375,0.22594840432527416,1.0,0.22594840432527416,4.0180272127795653e-10,8.353975103823228e-11,921,0.2259484043553433,1.0,0.2259484043553433,1.8804298808404064e-10,9.445409989971876e-11,905,0.22594840437157887,1.0,0.22594840437157887,1.5138104714346262e-11,7.938877320167707e-11,921
002A_mobility_sweep,gyroid_level_set,16,0.39990234375,fraction of transport phase voxels,0.1,0.10012210012210013,0.0400390625,random,20260910,1638,164,seeded uniform sampling without replacement from transport phase,8706c5ca3855888af76ada0514784100f6f1fdabf59de51b0c625c8cbc124814,1.0,0.1,0.001,1000.0,none,1,1.0,True,True,True,0.39990234375,0.1832166742608699,0.8108783720247571,0.22594840432527416,3.025385086972045e-09,9.470159222768313e-11,989,0.18346562148311832,0.8119801598359004,0.2259484043553433,2.9309840000786543e-09,8.799626949253843e-11,993,0.18212779036732307,0.8060592013201762,0.22594840437157887,8.927717478524838e-10,8.511955852652263e-11,987
002A_mobility_sweep,gyroid_level_set,16,0.39990234375,fraction of transport phase voxels,0.1,0.10012210012210013,0.0400390625,random,20260911,1638,164,seeded uniform sampling without replacement from transport phase,f432bf136b2a8665bd53f07665a007a4944f9af5e0b6b2de197959e6793816b6,1.0,0.1,0.001,1000.0,none,1,1.0,True,True,True,0.39990234375,0.1876017516435736,0.8302857999984061,0.22594840432527416,6.065631468949625e-10,9.656664309024006e-11,1014,0.18119817272508718,0.8019449096888572,0.2259484043553433,1.8301327255293592e-09,9.774132920925041e-11,979,0.18215272980116454,0.8061695779962622,0.22594840437157887,4.316482430537197e-09,8.63571908131809e-11,994
002A_mobility_sweep,gyroid_level_set,16,0.39990234375,fraction of transport phase voxels,0.1,0.10012210012210013,0.0400390625,random,20260912,1638,164,seeded uniform sampling without replacement from transport phase,9e9a79fc2d95313f924a8422cd895eb23c81cc33b75fa0b8799df25dbf5585b7,1.0,0.1,0.001,1000.0,none,1,1.0,True,True,True,0.39990234375,0.1817467651902316,0.8043728643845163,0.22594840432527416,4.975350234002731e-09,8.541899795270303e-11,996,0.18255416970972063,0.8079462664521513,0.2259484043553433,1.748936404236692e-09,9.65687385437e-11,973,0.18245193646805374,0.8074938036207864,0.22594840437157887,6.599924392482472e-10,9.591472488801628e-11,981
002A_mobility_sweep,gyroid_level_set,16,0.39990234375,fraction of transport phase voxels,0.1,0.10012210012210013,0.0400390625,random,20260910,1638,164,seeded uniform sampling without replacement from transport phase,8706c5ca3855888af76ada0514784100f6f1fdabf59de51b0c625c8cbc124814,1.0,0.01,0.001,1000.0,none,1,1.0,True,True,True,0.39990234375,0.1715472571105983,0.7592319920243373,0.22594840432527416,5.113318897056346e-10,9.139822106943741e-11,1269,0.17224748725786587,0.7623310629225628,0.2259484043553433,2.883570023227211e-10,9.119463313979929e-11,1254,0.17077518588493837,0.7558149674033259,0.22594840437157887,4.908144212487263e-10,8.951794091432063e-11,1248
002A_mobility_sweep,gyroid_level_set,16,0.39990234375,fraction of transport phase voxels,0.1,0.10012210012210013,0.0400390625,random,20260911,1638,164,seeded uniform sampling without replacement from transport phase,f432bf136b2a8665bd53f07665a007a4944f9af5e0b6b2de197959e6793816b6,1.0,0.01,0.001,1000.0,none,1,1.0,True,True,True,0.39990234375,0.177739546031966,0.7866377572469734,0.22594840432527416,2.0435645199947712e-10,9.40697018854825e-11,1276,0.16929280923249782,0.7492542809297973,0.2259484043553433,9.086082607268552e-11,8.793911291707518e-11,1274,0.17011794362259341,0.7529061517196174,0.22594840437157887,2.3090594729159164e-10,9.298246691463134e-11,1251
002A_mobility_sweep,gyroid_level_set,16,0.39990234375,fraction of transport phase voxels,0.1,0.10012210012210013,0.0400390625,random,20260912,1638,164,seeded uniform sampling without replacement from transport phase,9e9a79fc2d95313f924a8422cd895eb23c81cc33b75fa0b8799df25dbf5585b7,1.0,0.01,0.001,1000.0,none,1,1.0,True,True,True,0.39990234375,0.16961594509379616,0.750684412223677,0.22594840432527416,2.375066463324785e-10,9.733517809851935e-11,1241,0.17126157728574254,0.7579676332495972,0.2259484043553433,1.1473632128437079e-09,9.162478201631937e-11,1259,0.17124298063269633,0.7578853283295692,0.22594840437157887,1.5473853068753636e-10,7.210618968039604e-11,1267
002A_mobility_sweep,gyroid_level_set,16,0.39990234375,fraction of transport phase voxels,0.1,0.10012210012210013,0.0400390625,random,20260910,1638,164,seeded uniform sampling without replacement from transport phase,8706c5ca3855888af76ada0514784100f6f1fdabf59de51b0c625c8cbc124814,1.0,0.001,0.001,1000.0,none,1,1.0,True,True,True,0.39990234375,0.17011781218851071,0.7529055701743748,0.22594840432527416,1.0895983542397146e-09,8.758761689425395e-11,983,0.17089244663484088,0.7563339388141138,0.2259484043553433,3.05399050254084e-10,7.97163008788147e-11,971,0.16941922462990316,0.7498137687721318,0.22594840437157887,1.8062619005517464e-10,9.055150610651734e-11,983
002A_mobility_sweep,gyroid_level_set,16,0.39990234375,fraction of transport phase voxels,0.1,0.10012210012210013,0.0400390625,random,20260911,1638,164,seeded uniform sampling without replacement from transport phase,f432bf136b2a8665bd53f07665a007a4944f9af5e0b6b2de197959e6793816b6,1.0,0.001,0.001,1000.0,none,1,1.0,True,True,True,0.39990234375,0.1765536352650524,0.7813891662225979,0.22594840432527416,3.6232880572397995e-09,9.589407480464579e-11,960,0.1678406584196672,0.7428273675954289,0.2259484043553433,1.4431966245825578e-10,8.356675151907089e-11,964,0.1686379343305073,0.7463559426300582,0.22594840437157887,6.095045341159809e-10,8.277656632074345e-11,981
002A_mobility_sweep,gyroid_level_set,16,0.39990234375,fraction of transport phase voxels,0.1,0.10012210012210013,0.0400390625,random,20260912,1638,164,seeded uniform sampling without replacement from transport phase,9e9a79fc2d95313f924a8422cd895eb23c81cc33b75fa0b8799df25dbf5585b7,1.0,0.001,0.001,1000.0,none,1,1.0,True,True,True,0.39990234375,0.16812139818489996,0.7440698627057939,0.22594840432527416,1.0038249067864076e-10,9.831424363939397e-11,974,0.16990616813999176,0.7519688781372612,0.2259484043553433,1.2259253112696254e-09,9.81064991838617e-11,956,0.16989226881754063,0.7519073626125181,0.22594840437157887,5.250072884076353e-10,9.383600276737674e-11,979
002A_mobility_sweep,gyroid_level_set,16,0.39990234375,fraction of transport phase voxels,0.2,0.20024420024420025,0.080078125,random,20260910,1638,328,seeded uniform sampling without replacement from transport phase,c2d940e854deeb5b8c635635ce754a39994110cd1b161aed21206332be043345,1.0,1.0,0.001,1000.0,none,1,1.0,True,True,True,0.39990234375,0.22594840432527416,1.0,0.22594840432527416,4.0180272127795653e-10,8.353975103823228e-11,921,0.2259484043553433,1.0,0.2259484043553433,1.8804298808404064e-10,9.445409989971876e-11,905,0.22594840437157887,1.0,0.22594840437157887,1.5138104714346262e-11,7.938877320167707e-11,921
002A_mobility_sweep,gyroid_level_set,16,0.39990234375,fraction of transport phase voxels,0.2,0.20024420024420025,0.080078125,random,20260911,1638,328,seeded uniform sampling without replacement from transport phase,4e2a0cbc87b8b0690bfbbbe0a06d30d564aa4c3615fb58784e58f1efb2e4a51d,1.0,1.0,0.001,1000.0,none,1,1.0,True,True,True,0.39990234375,0.22594840432527416,1.0,0.22594840432527416,4.0180272127795653e-10,8.353975103823228e-11,921,0.2259484043553433,1.0,0.2259484043553433,1.8804298808404064e-10,9.445409989971876e-11,905,0.22594840437157887,1.0,0.22594840437157887,1.5138104714346262e-11,7.938877320167707e-11,921
002A_mobility_sweep,gyroid_level_set,16,0.39990234375,fraction of transport phase voxels,0.2,0.20024420024420025,0.080078125,random,20260912,1638,328,seeded uniform sampling without replacement from transport phase,213a835a46dc47cbd61f917b6b1585493be79ed450a1568d940243980f700faf,1.0,1.0,0.001,1000.0,none,1,1.0,True,True,True,0.39990234375,0.22594840432527416,1.0,0.22594840432527416,4.0180272127795653e-10,8.353975103823228e-11,921,0.2259484043553433,1.0,0.2259484043553433,1.8804298808404064e-10,9.445409989971876e-11,905,0.22594840437157887,1.0,0.22594840437157887,1.5138104714346262e-11,7.938877320167707e-11,921
002A_mobility_sweep,gyroid_level_set,16,0.39990234375,fraction of transport phase voxels,0.2,0.20024420024420025,0.080078125,random,20260910,1638,328,seeded uniform sampling without replacement from transport phase,c2d940e854deeb5b8c635635ce754a39994110cd1b161aed21206332be043345,1.0,0.1,0.001,1000.0,none,1,1.0,True,True,True,0.39990234375,0.1400313722505987,0.6197493302453699,0.22594840432527416,1.732792761783608e-10,9.872443090983686e-11,1035,0.14721523693676505,0.6515436006586858,0.2259484043553433,1.9539052907979165e-10,9.430281084782579e-11,1033,0.15033466674289744,0.6653495392499768,0.22594840437157887,4.302876105092543e-12,9.135554383413426e-11,1029
002A_mobility_sweep,gyroid_level_set,16,0.39990234375,fraction of transport phase voxels,0.2,0.20024420024420025,0.080078125,random,20260911,1638,328,seeded uniform sampling without replacement from transport phase,4e2a0cbc87b8b0690bfbbbe0a06d30d564aa4c3615fb58784e58f1efb2e4a51d,1.0,0.1,0.001,1000.0,none,1,1.0,True,True,True,0.39990234375,0.14616493046919324,0.6468951657599448,0.22594840432527416,9.284758592996749e-11,8.948966069242572e-11,1016,0.14409203900815343,0.6377209851039424,0.2259484043553433,1.2541725172434954e-10,9.723420486438321e-11,1010,0.14999609776379036,0.6638511043305149,0.22594840437157887,4.258378593764238e-10,9.789360855798346e-11,1022
002A_mobility_sweep,gyroid_level_set,16,0.39990234375,fraction of transport phase voxels,0.2,0.20024420024420025,0.080078125,random,20260912,1638,328,seeded uniform sampling without replacement from transport phase,213a835a46dc47cbd61f917b6b1585493be79ed450a1568d940243980f700faf,1.0,0.1,0.001,1000.0,none,1,1.0,True,True,True,0.39990234375,0.14888280641313723,0.6589239116679324,0.22594840432527416,1.7563720811515467e-10,9.393610468156123e-11,1031,0.14491213449375923,0.6413505548189647,0.2259484043553433,2.1669064532784446e-10,8.47793171556692e-11,1034,0.14301217964442356,0.6329417551860016,0.22594840437157887,1.2203184271916094e-10,8.570313663682646e-11,1034
002A_mobility_sweep,gyroid_level_set,16,0.39990234375,fraction of transport phase voxels,0.2,0.20024420024420025,0.080078125,random,20260910,1638,328,seeded uniform sampling without replacement from transport phase,c2d940e854deeb5b8c635635ce754a39994110cd1b161aed21206332be043345,1.0,0.01,0.001,1000.0,none,1,1.0,True,True,True,0.39990234375,0.11579257046319,0.512473503891161,0.22594840432527416,4.630725264937446e-10,9.670055876836168e-11,1316,0.12612818429243572,0.5582167515291551,0.2259484043553433,1.4328711350719084e-10,9.255208188866137e-11,1295,0.1297164261572873,0.5740975534572255,0.22594840437157887,2.5073740948639296e-10,8.782879131442084e-11,1319
002A_mobility_sweep,gyroid_level_set,16,0.39990234375,fraction of transport phase voxels,0.2,0.20024420024420025,0.080078125,random,20260911,1638,328,seeded uniform sampling without replacement from transport phase,4e2a0cbc87b8b0690bfbbbe0a06d30d564aa4c3615fb58784e58f1efb2e4a51d,1.0,0.01,0.001,1000.0,none,1,1.0,True,True,True,0.39990234375,0.12588094970231606,0.5571225434329622,0.22594840432527416,4.898694249977927e-10,9.774072139709927e-11,1296,0.1227215912018074,0.5431398887367501,0.2259484043553433,3.5521372528549705e-10,8.779104453541011e-11,1318,0.1311051460602251,0.580243734957379,0.22594840437157887,2.1607851910583628e-11,9.732704773308092e-11,1305
002A_mobility_sweep,gyroid_level_set,16,0.39990234375,fraction of transport phase voxels,0.2,0.20024420024420025,0.080078125,random,20260912,1638,328,seeded uniform sampling without replacement from transport phase,213a835a46dc47cbd61f917b6b1585493be79ed450a1568d940243980f700faf,1.0,0.01,0.001,1000.0,none,1,1.0,True,True,True,0.39990234375,0.12798800317671377,0.5664479178727144,0.22594840432527416,1.0358419250613078e-10,8.922310094918378e-11,1339,0.12359719195938616,0.547015113083109,0.2259484043553433,6.42948824686949e-10,9.990348983784804e-11,1326,0.12061467458095236,0.533815119944808,0.22594840437157887,6.325913498657355e-11,8.64146224593534e-11,1350
002A_mobility_sweep,gyroid_level_set,16,0.39990234375,fraction of transport phase voxels,0.2,0.20024420024420025,0.080078125,random,20260910,1638,328,seeded uniform sampling without replacement from transport phase,c2d940e854deeb5b8c635635ce754a39994110cd1b161aed21206332be043345,1.0,0.001,0.001,1000.0,none,1,1.0,True,True,True,0.39990234375,0.11259358838277125,0.4983154836565347,0.22594840432527416,1.2267257905066457e-09,8.638428000707974e-11,1056,0.12344842000558749,0.5463566797818289,0.2259484043553433,4.279191103755908e-11,8.421871259882982e-11,1003,0.12707331272190642,0.5623996906520773,0.22594840437157887,2.6017182506391003e-09,9.611110985017228e-11,1059
002A_mobility_sweep,gyroid_level_set,16,0.39990234375,fraction of transport phase voxels,0.2,0.20024420024420025,0.080078125,random,20260911,1638,328,seeded uniform sampling without replacement from transport phase,4e2a0cbc87b8b0690bfbbbe0a06d30d564aa4c3615fb58784e58f1efb2e4a51d,1.0,0.001,0.001,1000.0,none,1,1.0,True,True,True,0.39990234375,0.12332305330908049,0.5458018332873255,0.22594840432527416,1.5471595899808467e-09,9.973474267975169e-11,990,0.12005263306755563,0.5313276427425082,0.2259484043553433,7.964496394364833e-11,9.467370695863241e-11,1006,0.12878441082779138,0.5699726501099852,0.22594840437157887,4.542470226762438e-09,9.293998763068961e-11,1022
002A_mobility_sweep,gyroid_level_set,16,0.39990234375,fraction of transport phase voxels,0.2,0.20024420024420025,0.080078125,random,20260912,1638,328,seeded uniform sampling without replacement from transport phase,213a835a46dc47cbd61f917b6b1585493be79ed450a1568d940243980f700faf,1.0,0.001,0.001,1000.0,none,1,1.0,True,True,True,0.39990234375,0.12531200633969242,0.5546045200624382,0.22594840432527416,9.874877447758477e-11,9.670468040368426e-11,1036,0.12091572058260314,0.5351474861156447,0.2259484043553433,4.375128590103767e-10,7.443871858878832e-11,1067,0.11776639984220953,0.5212092564660876,0.22594840437157887,3.421453583399619e-10,9.893064887748726e-11,1059
002A_mobility_sweep,gyroid_level_set,16,0.39990234375,fraction of transport phase voxels,0.4,0.3998778998778999,0.159912109375,random,20260910,1638,655,seeded uniform sampling without replacement from transport phase,1f4c6539855d1eed68e4a626d66e9f43cf4d090ea90516af781c140cb35d6d79,1.0,1.0,0.001,1000.0,none,1,1.0,True,True,True,0.39990234375,0.22594840432527416,1.0,0.22594840432527416,4.0180272127795653e-10,8.353975103823228e-11,921,0.2259484043553433,1.0,0.2259484043553433,1.8804298808404064e-10,9.445409989971876e-11,905,0.22594840437157887,1.0,0.22594840437157887,1.5138104714346262e-11,7.938877320167707e-11,921
002A_mobility_sweep,gyroid_level_set,16,0.39990234375,fraction of transport phase voxels,0.4,0.3998778998778999,0.159912109375,random,20260911,1638,655,seeded uniform sampling without replacement from transport phase,8fe38c65544dee752d2f833ce4b1b1a2672fbe48dfb83c5189fbc9063c26ffda,1.0,1.0,0.001,1000.0,none,1,1.0,True,True,True,0.39990234375,0.22594840432527416,1.0,0.22594840432527416,4.0180272127795653e-10,8.353975103823228e-11,921,0.2259484043553433,1.0,0.2259484043553433,1.8804298808404064e-10,9.445409989971876e-11,905,0.22594840437157887,1.0,0.22594840437157887,1.5138104714346262e-11,7.938877320167707e-11,921
002A_mobility_sweep,gyroid_level_set,16,0.39990234375,fraction of transport phase voxels,0.4,0.3998778998778999,0.159912109375,random,20260912,1638,655,seeded uniform sampling without replacement from transport phase,b38e7d4c920fc1f0393dc14a432754627ecdc6ba655480fe7677a1bd132c08cf,1.0,1.0,0.001,1000.0,none,1,1.0,True,True,True,0.39990234375,0.22594840432527416,1.0,0.22594840432527416,4.0180272127795653e-10,8.353975103823228e-11,921,0.2259484043553433,1.0,0.2259484043553433,1.8804298808404064e-10,9.445409989971876e-11,905,0.22594840437157887,1.0,0.22594840437157887,1.5138104714346262e-11,7.938877320167707e-11,921
002A_mobility_sweep,gyroid_level_set,16,0.39990234375,fraction of transport phase voxels,0.4,0.3998778998778999,0.159912109375,random,20260910,1638,655,seeded uniform sampling without replacement from transport phase,1f4c6539855d1eed68e4a626d66e9f43cf4d090ea90516af781c140cb35d6d79,1.0,0.1,0.001,1000.0,none,1,1.0,True,True,True,0.39990234375,0.08543086357366995,0.3780989904698956,0.22594840432527416,1.0019089707751787e-09,9.928092612828308e-11,1116,0.08713770737331965,0.38565312121558687,0.2259484043553433,5.114339844264424e-11,9.92617003915178e-11,1124,0.08776414040059026,0.38842558169279884,0.22594840437157887,9.529902943804922e-11,8.504502473705073e-11,1139
002A_mobility_sweep,gyroid_level_set,16,0.39990234375,fraction of transport phase voxels,0.4,0.3998778998778999,0.159912109375,random,20260911,1638,655,seeded uniform sampling without replacement from transport phase,8fe38c65544dee752d2f833ce4b1b1a2672fbe48dfb83c5189fbc9063c26ffda,1.0,0.1,0.001,1000.0,none,1,1.0,True,True,True,0.39990234375,0.0926319961085931,0.4099696848278714,0.22594840432527416,2.161165309897816e-10,8.884417231795657e-11,1130,0.08802590323276566,0.38958408882733053,0.2259484043553433,4.245195772804331e-10,9.705468072407466e-11,1113,0.08714745750634587,0.38569627322098404,0.22594840437157887,9.065811929640593e-13,9.319203025767369e-11,1130
002A_mobility_sweep,gyroid_level_set,16,0.39990234375,fraction of transport phase voxels,0.4,0.3998778998778999,0.159912109375,random,20260912,1638,655,seeded uniform sampling without replacement from transport phase,b38e7d4c920fc1f0393dc14a432754627ecdc6ba655480fe7677a1bd132c08cf,1.0,0.1,0.001,1000.0,none,1,1.0,True,True,True,0.39990234375,0.09200100879427733,0.4071770680081155,0.22594840432527416,1.4250152105737206e-09,9.891185124532532e-11,1112,0.09173005778084674,0.40597789589425565,0.2259484043553433,1.8051097884909696e-10,8.82219610866148e-11,1108,0.09041283877808438,0.4001481622742411,0.22594840437157887,1.0315827362617457e-09,8.102390836362892e-11,1110
002A_mobility_sweep,gyroid_level_set,16,0.39990234375,fraction of transport phase voxels,0.4,0.3998778998778999,0.159912109375,random,20260910,1638,655,seeded uniform sampling without replacement from transport phase,1f4c6539855d1eed68e4a626d66e9f43cf4d090ea90516af781c140cb35d6d79,1.0,0.01,0.001,1000.0,none,1,1.0,True,True,True,0.39990234375,0.048699617037661444,0.2155342374870403,0.22594840432527416,3.020871927805351e-10,9.51257582554838e-11,1424,0.047960892626855836,0.21226479896458555,0.2259484043553433,3.6513035961792337e-10,8.959126847265717e-11,1411,0.04971631269746398,0.2200339180785009,0.22594840437157887,1.7283151060431034e-09,9.778431479950317e-11,1420
002A_mobility_sweep,gyroid_level_set,16,0.39990234375,fraction of transport phase voxels,0.4,0.3998778998778999,0.159912109375,random,20260911,1638,655,seeded uniform sampling without replacement from transport phase,8fe38c65544dee752d2f833ce4b1b1a2672fbe48dfb83c5189fbc9063c26ffda,1.0,0.01,0.001,1000.0,none,1,1.0,True,True,True,0.39990234375,0.058051508935032636,0.2569237393306039,0.22594840432527416,5.259651245717241e-10,8.4597087346996e-11,1379,0.052496109643006696,0.23233671329870248,0.2259484043553433,5.779515799885104e-10,9.302783137185683e-11,1388,0.04968476454761905,0.21989429261872978,0.22594840437157887,8.423608527259949e-10,7.756179963230526e-11,1376
002A_mobility_sweep,gyroid_level_set,16,0.39990234375,fraction of transport phase voxels,0.4,0.3998778998778999,0.159912109375,random,20260912,1638,655,seeded uniform sampling without replacement from transport phase,b38e7d4c920fc1f0393dc14a432754627ecdc6ba655480fe7677a1bd132c08cf,1.0,0.01,0.001,1000.0,none,1,1.0,True,True,True,0.39990234375,0.05682794372010674,0.25150849765815353,0.22594840432527416,1.5631074275612115e-10,9.7370900725727e-11,1388,0.05720448653087966,0.2531749967170187,0.2259484043553433,1.1635973901111362e-09,8.740109604018017e-11,1407,0.05461444793042847,0.2417120319230641,0.22594840437157887,2.7768205670904326e-10,9.543167610024105e-11,1383
002A_mobility_sweep,gyroid_level_set,16,0.39990234375,fraction of transport phase voxels,0.4,0.3998778998778999,0.159912109375,random,20260910,1638,655,seeded uniform sampling without replacement from transport phase,1f4c6539855d1eed68e4a626d66e9f43cf4d090ea90516af781c140cb35d6d79,1.0,0.001,0.001,1000.0,none,1,1.0,True,True,True,0.39990234375,0.04310591169542595,0.1907776769840379,0.22594840432527416,2.1809291120553376e-09,8.089471676327264e-11,1260,0.04090262746892545,0.1810264055000757,0.2259484043553433,1.5112689939528016e-09,8.468752241674649e-11,1249,0.04332176316072526,0.1917329900213915,0.22594840437157887,2.153847837899145e-10,9.239857936427385e-11,1260
002A_mobility_sweep,gyroid_level_set,16,0.39990234375,fraction of transport phase voxels,0.4,0.3998778998778999,0.159912109375,random,20260911,1638,655,seeded uniform sampling without replacement from transport phase,8fe38c65544dee752d2f833ce4b1b1a2672fbe48dfb83c5189fbc9063c26ffda,1.0,0.001,0.001,1000.0,none,1,1.0,True,True,True,0.39990234375,0.052827586714189786,0.23380376096013258,0.22594840432527416,4.3205197761856325e-09,9.404521185188789e-11,1246,0.047234212780552,0.20904866717389142,0.2259484043553433,1.3087302527334278e-09,8.193763470674987e-11,1233,0.04384596473230577,0.1940529956573616,0.22594840437157887,2.206826094768331e-09,8.787290999816352e-11,1176
002A_mobility_sweep,gyroid_level_set,16,0.39990234375,fraction of transport phase voxels,0.4,0.3998778998778999,0.159912109375,random,20260912,1638,655,seeded uniform sampling without replacement from transport phase,b38e7d4c920fc1f0393dc14a432754627ecdc6ba655480fe7677a1bd132c08cf,1.0,0.001,0.001,1000.0,none,1,1.0,True,True,True,0.39990234375,0.051442475836616264,0.22767355224407754,0.22594840432527416,1.928458353556893e-09,8.92959087547684e-11,1218,0.051867306968930944,0.2295537652364234,0.2259484043553433,3.1471276934375215e-10,8.226333941441014e-11,1209,0.04914005163790802,0.21748350812469447,0.22594840437157887,1.499643497161302e-09,8.843612086164597e-11,1176
002A_mobility_sweep,gyroid_level_set,16,0.39990234375,fraction of transport phase voxels,0.6,0.6001221001221001,0.239990234375,random,20260910,1638,983,seeded uniform sampling without replacement from transport phase,1b0ce9ba639d329629d2dfbd264bfc06b0e8131b18004cf1b8eba40fb73d4ea6,1.0,1.0,0.001,1000.0,none,1,1.0,True,True,True,0.39990234375,0.22594840432527416,1.0,0.22594840432527416,4.0180272127795653e-10,8.353975103823228e-11,921,0.2259484043553433,1.0,0.2259484043553433,1.8804298808404064e-10,9.445409989971876e-11,905,0.22594840437157887,1.0,0.22594840437157887,1.5138104714346262e-11,7.938877320167707e-11,921
002A_mobility_sweep,gyroid_level_set,16,0.39990234375,fraction of transport phase voxels,0.6,0.6001221001221001,0.239990234375,random,20260911,1638,983,seeded uniform sampling without replacement from transport phase,d40196c1b07116e396c2ab71a3c0490151ce1269a6e646977a05195b1e29830a,1.0,1.0,0.001,1000.0,none,1,1.0,True,True,True,0.39990234375,0.22594840432527416,1.0,0.22594840432527416,4.0180272127795653e-10,8.353975103823228e-11,921,0.2259484043553433,1.0,0.2259484043553433,1.8804298808404064e-10,9.445409989971876e-11,905,0.22594840437157887,1.0,0.22594840437157887,1.5138104714346262e-11,7.938877320167707e-11,921
002A_mobility_sweep,gyroid_level_set,16,0.39990234375,fraction of transport phase voxels,0.6,0.6001221001221001,0.239990234375,random,20260912,1638,983,seeded uniform sampling without replacement from transport phase,0fdcf2b6ff62f44d52fda075715cb2cae54b1b9bc2d549141cfb937d50daf2d5,1.0,1.0,0.001,1000.0,none,1,1.0,True,True,True,0.39990234375,0.22594840432527416,1.0,0.22594840432527416,4.0180272127795653e-10,8.353975103823228e-11,921,0.2259484043553433,1.0,0.2259484043553433,1.8804298808404064e-10,9.445409989971876e-11,905,0.22594840437157887,1.0,0.22594840437157887,1.5138104714346262e-11,7.938877320167707e-11,921
002A_mobility_sweep,gyroid_level_set,16,0.39990234375,fraction of transport phase voxels,0.6,0.6001221001221001,0.239990234375,random,20260910,1638,983,seeded uniform sampling without replacement from transport phase,1b0ce9ba639d329629d2dfbd264bfc06b0e8131b18004cf1b8eba40fb73d4ea6,1.0,0.1,0.001,1000.0,none,1,1.0,True,True,True,0.39990234375,0.0518470330568758,0.2294640372066407,0.22594840432527416,6.177595056331029e-10,8.244017787330499e-11,1121,0.05103671079630117,0.225877721694538,0.2259484043553433,8.52294115861902e-10,9.469576260654872e-11,1113,0.052692555575824834,0.23320614156305508,0.22594840437157887,5.873927987300444e-10,9.04432283479596e-11,1110
002A_mobility_sweep,gyroid_level_set,16,0.39990234375,fraction of transport phase voxels,0.6,0.6001221001221001,0.239990234375,random,20260911,1638,983,seeded uniform sampling without replacement from transport phase,d40196c1b07116e396c2ab71a3c0490151ce1269a6e646977a05195b1e29830a,1.0,0.1,0.001,1000.0,none,1,1.0,True,True,True,0.39990234375,0.053883240080889065,0.23847586019381234,0.22594840432527416,5.632336757713645e-10,8.58611550677787e-11,1131,0.05182635523335459,0.22937252148879353,0.2259484043553433,9.22015977171653e-10,8.832778508267518e-11,1127,0.05127603428840329,0.22693691699667118,0.22594840437157887,8.114228250275315e-10,8.994198896020894e-11,1116
002A_mobility_sweep,gyroid_level_set,16,0.39990234375,fraction of transport phase voxels,0.6,0.6001221001221001,0.239990234375,random,20260912,1638,983,seeded uniform sampling without replacement from transport phase,0fdcf2b6ff62f44d52fda075715cb2cae54b1b9bc2d549141cfb937d50daf2d5,1.0,0.1,0.001,1000.0,none,1,1.0,True,True,True,0.39990234375,0.050750671648396264,0.22461177276266955,0.22594840432527416,1.4411256132923234e-10,8.998997082833185e-11,1100,0.051983818114533786,0.23006941900231417,0.2259484043553433,1.0898112674481322e-09,9.064910329494192e-11,1095,0.05170836271536673,0.22885031146460671,0.22594840437157887,2.3053101515300833e-10,9.865848841063968e-11,1093
002A_mobility_sweep,gyroid_level_set,16,0.39990234375,fraction of transport phase voxels,0.6,0.6001221001221001,0.239990234375,random,20260910,1638,983,seeded uniform sampling without replacement from transport phase,1b0ce9ba639d329629d2dfbd264bfc06b0e8131b18004cf1b8eba40fb73d4ea6,1.0,0.01,0.001,1000.0,none,1,1.0,True,True,True,0.39990234375,0.013891902341399096,0.061482630881519236,0.22594840432527416,1.3823217217942991e-09,9.135289130956356e-11,1336,0.01322791917901572,0.058543981387062634,0.2259484043553433,3.348242907160862e-09,8.726884258709975e-11,1332,0.015081683999022266,0.06674835363838193,0.22594840437157887,5.840525232470464e-10,7.884632508431592e-11,1312
002A_mobility_sweep,gyroid_level_set,16,0.39990234375,fraction of transport phase voxels,0.6,0.6001221001221001,0.239990234375,random,20260911,1638,983,seeded uniform sampling without replacement from transport phase,d40196c1b07116e396c2ab71a3c0490151ce1269a6e646977a05195b1e29830a,1.0,0.01,0.001,1000.0,none,1,1.0,True,True,True,0.39990234375,0.012797214844043392,0.05663777481526529,0.22594840432527416,3.989652629793769e-09,9.319421737483744e-11,1365,0.012545378617598215,0.05552320076519955,0.2259484043553433,5.909093221983454e-10,9.433217209265443e-11,1355,0.012796857201750757,0.05663619195427441,0.22594840437157887,7.303246989922952e-10,6.856597514350789e-11,1357
002A_mobility_sweep,gyroid_level_set,16,0.39990234375,fraction of transport phase voxels,0.6,0.6001221001221001,0.239990234375,random,20260912,1638,983,seeded uniform sampling without replacement from transport phase,0fdcf2b6ff62f44d52fda075715cb2cae54b1b9bc2d549141cfb937d50daf2d5,1.0,0.01,0.001,1000.0,none,1,1.0,True,True,True,0.39990234375,0.011907577526408131,0.0527004276129609,0.22594840432527416,1.8408941948334755e-09,9.347824795580915e-11,1323,0.013767706853517811,0.060932967828645025,0.2259484043553433,1.1705726799920553e-10,9.29341681547029e-11,1281,0.013221107574974552,0.05851383465949176,0.22594840437157887,6.128708754281401e-09,9.893015024986582e-11,1290
002A_mobility_sweep,gyroid_level_set,16,0.39990234375,fraction of transport phase voxels,0.6,0.6001221001221001,0.239990234375,random,20260910,1638,983,seeded uniform sampling without replacement from transport phase,1b0ce9ba639d329629d2dfbd264bfc06b0e8131b18004cf1b8eba40fb73d4ea6,1.0,0.001,0.001,1000.0,none,1,1.0,True,True,True,0.39990234375,0.006855583972882731,0.030341369275675288,0.22594840432527416,1.1452765490544678e-08,9.938413455946012e-11,1248,0.005529308480413121,0.024471553566350123,0.2259484043553433,6.932821902657433e-09,7.962131250847087e-11,1272,0.007590244391183764,0.033592821388998974,0.22594840437157887,1.1719158568252805e-08,9.522121904051507e-11,1273
002A_mobility_sweep,gyroid_level_set,16,0.39990234375,fraction of transport phase voxels,0.6,0.6001221001221001,0.239990234375,random,20260911,1638,983,seeded uniform sampling without replacement from transport phase,d40196c1b07116e396c2ab71a3c0490151ce1269a6e646977a05195b1e29830a,1.0,0.001,0.001,1000.0,none,1,1.0,True,True,True,0.39990234375,0.0036151578581812846,0.015999926483113915,0.22594840432527416,3.438963461509722e-09,8.244900864568016e-11,1257,0.0037746216993421486,0.016705679821513133,0.2259484043553433,7.557542415972415e-09,9.647254558701171e-11,1276,0.004277936264585877,0.018933243969940516,0.22594840437157887,1.5511548150995028e-09,8.793554554494708e-11,1274
002A_mobility_sweep,gyroid_level_set,16,0.39990234375,fraction of transport phase voxels,0.6,0.6001221001221001,0.239990234375,random,20260912,1638,983,seeded uniform sampling without replacement from transport phase,0fdcf2b6ff62f44d52fda075715cb2cae54b1b9bc2d549141cfb937d50daf2d5,1.0,0.001,0.001,1000.0,none,1,1.0,True,True,True,0.39990234375,0.004071627892025638,0.018020166613631594,0.22594840432527416,1.7393722895775416e-08,9.566534259497477e-11,1203,0.007095400137323354,0.03140274505397524,0.2259484043553433,5.6511993386103875e-09,7.860860390832763e-11,1243,0.0060372903445527855,0.026719774195104656,0.22594840437157887,1.2336109356698436e-08,9.675010861686171e-11,1224
002B_placement,gyroid_level_set,16,0.39990234375,fraction of transport phase voxels,0.2,0.20024420024420025,0.080078125,random,20260910,1638,328,seeded uniform sampling without replacement from transport phase,c2d940e854deeb5b8c635635ce754a39994110cd1b161aed21206332be043345,1.0,0.1,0.001,1000.0,none,1,1.0,True,True,True,0.39990234375,0.1400313722505987,0.6197493302453699,0.22594840432527416,1.732792761783608e-10,9.872443090983686e-11,1035,0.14721523693676505,0.6515436006586858,0.2259484043553433,1.9539052907979165e-10,9.430281084782579e-11,1033,0.15033466674289744,0.6653495392499768,0.22594840437157887,4.302876105092543e-12,9.135554383413426e-11,1029
002B_placement,gyroid_level_set,16,0.39990234375,fraction of transport phase voxels,0.2,0.20024420024420025,0.080078125,random,20260911,1638,328,seeded uniform sampling without replacement from transport phase,4e2a0cbc87b8b0690bfbbbe0a06d30d564aa4c3615fb58784e58f1efb2e4a51d,1.0,0.1,0.001,1000.0,none,1,1.0,True,True,True,0.39990234375,0.14616493046919324,0.6468951657599448,0.22594840432527416,9.284758592996749e-11,8.948966069242572e-11,1016,0.14409203900815343,0.6377209851039424,0.2259484043553433,1.2541725172434954e-10,9.723420486438321e-11,1010,0.14999609776379036,0.6638511043305149,0.22594840437157887,4.258378593764238e-10,9.789360855798346e-11,1022
002B_placement,gyroid_level_set,16,0.39990234375,fraction of transport phase voxels,0.2,0.20024420024420025,0.080078125,random,20260912,1638,328,seeded uniform sampling without replacement from transport phase,213a835a46dc47cbd61f917b6b1585493be79ed450a1568d940243980f700faf,1.0,0.1,0.001,1000.0,none,1,1.0,True,True,True,0.39990234375,0.14888280641313723,0.6589239116679324,0.22594840432527416,1.7563720811515467e-10,9.393610468156123e-11,1031,0.14491213449375923,0.6413505548189647,0.2259484043553433,2.1669064532784446e-10,8.47793171556692e-11,1034,0.14301217964442356,0.6329417551860016,0.22594840437157887,1.2203184271916094e-10,8.570313663682646e-11,1034
002B_placement,gyroid_level_set,16,0.39990234375,fraction of transport phase voxels,0.2,0.20024420024420025,0.080078125,random,20260913,1638,328,seeded uniform sampling without replacement from transport phase,2b920c9b6f8e800a4693008dd1c9148281c1f5f5b8a494c31accaab5bc552892,1.0,0.1,0.001,1000.0,none,1,1.0,True,True,True,0.39990234375,0.148893314223435,0.6589704170209095,0.22594840432527416,3.8999061817584267e-10,9.552348584868047e-11,1026,0.14745286215433093,0.6525952797720826,0.2259484043553433,2.0853472595985794e-10,8.814393620380579e-11,1025,0.14798967422401893,0.6549710967670545,0.22594840437157887,5.1147342387087216e-11,8.928891968730913e-11,1026
002B_placement,gyroid_level_set,16,0.39990234375,fraction of transport phase voxels,0.2,0.20024420024420025,0.080078125,random,20260914,1638,328,seeded uniform sampling without replacement from transport phase,dbc7afa7a4c9c2cb9d53bc2d391654ccb909106720c6e57db1f72df8dfe7cf23,1.0,0.1,0.001,1000.0,none,1,1.0,True,True,True,0.39990234375,0.146963630266328,0.65043004266921,0.22594840432527416,3.2963351206361886e-10,8.643473053138967e-11,1041,0.14709570542640446,0.6510145793951737,0.2259484043553433,3.382050531125514e-10,9.712389010863185e-11,1034,0.13801661247269612,0.6108324281225005,0.22594840437157887,4.699215531739519e-10,8.725287335281262e-11,1033
002B_placement,gyroid_level_set,16,0.39990234375,fraction of transport phase voxels,0.2,0.20024420024420025,0.080078125,interface,20260910,1638,328,ascending periodic Euclidean distance to matrix interface,b46fc5ae830600e8afd8b7c241ef24be298379cd5bdf8286368f1e4559bed5aa,1.0,0.1,0.001,1000.0,none,1,1.0,True,True,True,0.39990234375,0.1642993493806495,0.7271542805149666,0.22594840432527416,1.546692755625229e-10,9.429650129127514e-11,1069,0.16614925793908691,0.7353415856736399,0.2259484043553433,1.287042564309699e-10,9.369291150272528e-11,1070,0.16384705227484028,0.7251525087355294,0.22594840437157887,3.471704784675735e-10,9.59276445377553e-11,1073
002B_placement,gyroid_level_set,16,0.39990234375,fraction of transport phase voxels,0.2,0.20024420024420025,0.080078125,interface,20260911,1638,328,ascending periodic Euclidean distance to matrix interface,a93c75c753205d4c4a634dc064f125a2d2e4f03b8ae0619b1e681d293845b115,1.0,0.1,0.001,1000.0,none,1,1.0,True,True,True,0.39990234375,0.1642581638868064,0.726972002202508,0.22594840432527416,7.595947507971061e-12,8.998871636675336e-11,1065,0.16395863521575316,0.725646351358603,0.2259484043553433,9.872152671948292e-11,8.626578883762858e-11,1084,0.16368480478409791,0.7244344355488936,0.22594840437157887,3.489630435519557e-10,9.953147275895938e-11,1066
002B_placement,gyroid_level_set,16,0.39990234375,fraction of transport phase voxels,0.2,0.20024420024420025,0.080078125,interface,20260912,1638,328,ascending periodic Euclidean distance to matrix interface,dcfa81425df14a41f3e5e95cae0f9b6f957ee3cc02a1938a6acd27ca69186216,1.0,0.1,0.001,1000.0,none,1,1.0,True,True,True,0.39990234375,0.16488649969289837,0.7297528840058929,0.22594840432527416,1.195317916883145e-10,9.749097782446014e-11,1070,0.16456104653343534,0.7283124968416876,0.2259484043553433,2.2870509574618497e-10,9.298009084137303e-11,1068,0.16598818931016662,0.7346287298280456,0.22594840437157887,1.164544622376814e-10,9.37789517130404e-11,1069
002B_placement,gyroid_level_set,16,0.39990234375,fraction of transport phase voxels,0.2,0.20024420024420025,0.080078125,interface,20260913,1638,328,ascending periodic Euclidean distance to matrix interface,48d9e50030c4360dce2a0f55ebc797bd768d33a84e409cbb579c39e32ce0e0be,1.0,0.1,0.001,1000.0,none,1,1.0,True,True,True,0.39990234375,0.16196532795457724,0.7168243937736015,0.22594840432527416,7.818671468583312e-11,9.430978068236248e-11,1067,0.16818260471581714,0.7443407498081759,0.2259484043553433,1.0864972783438661e-10,9.237599083242228e-11,1071,0.1625762153200482,0.719528052310061,0.22594840437157887,8.669508528971301e-12,8.846176997007435e-11,1069
002B_placement,gyroid_level_set,16,0.39990234375,fraction of transport phase voxels,0.2,0.20024420024420025,0.080078125,interface,20260914,1638,328,ascending periodic Euclidean distance to matrix interface,b49d1e3828e70d41dd7187d728501cf81d61f0ad8ed97ee41803649497806c15,1.0,0.1,0.001,1000.0,none,1,1.0,True,True,True,0.39990234375,0.16660956299017213,0.7373787988797738,0.22594840432527416,2.3681343793139884e-11,9.602817537703964e-11,1063,0.16380176554612483,0.7249520792743371,0.2259484043553433,2.4186283402452833e-10,9.815534825079699e-11,1071,0.16425352225787082,0.7269514591824734,0.22594840437157887,2.0590562402710055e-11,9.096504905545995e-11,1072
002B_placement,gyroid_level_set,16,0.39990234375,fraction of transport phase voxels,0.2,0.20024420024420025,0.080078125,baseline-flux-ranked,20260910,1638,328,descending baseline local flux-magnitude rank,b86f715587b2323bb4e7dbc2a7f5689fafca3274de1d9981724e85d0c132ba1f,1.0,0.1,0.001,1000.0,none,1,1.0,True,True,True,0.39990234375,0.16135921246290247,0.7141418543970356,0.22594840432527416,2.1649007414126241e-10,8.679802054285464e-11,1095,0.16135921245991822,0.7141418542887902,0.2259484043553433,2.1765648141374704e-10,9.461321798576264e-11,1095,0.16135921249252713,0.7141418543817956,0.22594840437157887,1.6851050195198854e-10,9.129092584806691e-11,1092
002B_placement,gyroid_level_set,16,0.39990234375,fraction of transport phase voxels,0.2,0.20024420024420025,0.080078125,baseline-flux-ranked,20260911,1638,328,descending baseline local flux-magnitude rank,b86f715587b2323bb4e7dbc2a7f5689fafca3274de1d9981724e85d0c132ba1f,1.0,0.1,0.001,1000.0,none,1,1.0,True,True,True,0.39990234375,0.16135921246290247,0.7141418543970356,0.22594840432527416,2.1649007414126241e-10,8.679802054285464e-11,1095,0.16135921245991822,0.7141418542887902,0.2259484043553433,2.1765648141374704e-10,9.461321798576264e-11,1095,0.16135921249252713,0.7141418543817956,0.22594840437157887,1.6851050195198854e-10,9.129092584806691e-11,1092
002B_placement,gyroid_level_set,16,0.39990234375,fraction of transport phase voxels,0.2,0.20024420024420025,0.080078125,baseline-flux-ranked,20260912,1638,328,descending baseline local flux-magnitude rank,b86f715587b2323bb4e7dbc2a7f5689fafca3274de1d9981724e85d0c132ba1f,1.0,0.1,0.001,1000.0,none,1,1.0,True,True,True,0.39990234375,0.16135921246290247,0.7141418543970356,0.22594840432527416,2.1649007414126241e-10,8.679802054285464e-11,1095,0.16135921245991822,0.7141418542887902,0.2259484043553433,2.1765648141374704e-10,9.461321798576264e-11,1095,0.16135921249252713,0.7141418543817956,0.22594840437157887,1.6851050195198854e-10,9.129092584806691e-11,1092
002B_placement,gyroid_level_set,16,0.39990234375,fraction of transport phase voxels,0.2,0.20024420024420025,0.080078125,baseline-flux-ranked,20260913,1638,328,descending baseline local flux-magnitude rank,b86f715587b2323bb4e7dbc2a7f5689fafca3274de1d9981724e85d0c132ba1f,1.0,0.1,0.001,1000.0,none,1,1.0,True,True,True,0.39990234375,0.16135921246290247,0.7141418543970356,0.22594840432527416,2.1649007414126241e-10,8.679802054285464e-11,1095,0.16135921245991822,0.7141418542887902,0.2259484043553433,2.1765648141374704e-10,9.461321798576264e-11,1095,0.16135921249252713,0.7141418543817956,0.22594840437157887,1.6851050195198854e-10,9.129092584806691e-11,1092
002B_placement,gyroid_level_set,16,0.39990234375,fraction of transport phase voxels,0.2,0.20024420024420025,0.080078125,baseline-flux-ranked,20260914,1638,328,descending baseline local flux-magnitude rank,b86f715587b2323bb4e7dbc2a7f5689fafca3274de1d9981724e85d0c132ba1f,1.0,0.1,0.001,1000.0,none,1,1.0,True,True,True,0.39990234375,0.16135921246290247,0.7141418543970356,0.22594840432527416,2.1649007414126241e-10,8.679802054285464e-11,1095,0.16135921245991822,0.7141418542887902,0.2259484043553433,2.1765648141374704e-10,9.461321798576264e-11,1095,0.16135921249252713,0.7141418543817956,0.22594840437157887,1.6851050195198854e-10,9.129092584806691e-11,1092
002B_placement,gyroid_level_set,16,0.39990234375,fraction of transport phase voxels,0.2,0.20024420024420025,0.080078125,low_criticality,20260910,1638,328,ascending baseline local flux-magnitude rank,38fa93b118dafb0bb49923ca07022d85af1b24e11d8d7d4b138dde0a64c3f5ef,1.0,0.1,0.001,1000.0,none,1,1.0,True,True,True,0.39990234375,0.1604848703810111,0.7102722006833823,0.22594840432527416,3.738720647699255e-10,9.706416441743593e-11,1100,0.1604848703679167,0.7102722005309063,0.2259484043553433,2.3437616662637853e-10,8.136603047350811e-11,1119,0.16048487038653658,0.7102722005622772,0.22594840437157887,3.085756303597533e-10,9.571430745150833e-11,1104
002B_placement,gyroid_level_set,16,0.39990234375,fraction of transport phase voxels,0.2,0.20024420024420025,0.080078125,low_criticality,20260911,1638,328,ascending baseline local flux-magnitude rank,38fa93b118dafb0bb49923ca07022d85af1b24e11d8d7d4b138dde0a64c3f5ef,1.0,0.1,0.001,1000.0,none,1,1.0,True,True,True,0.39990234375,0.1604848703810111,0.7102722006833823,0.22594840432527416,3.738720647699255e-10,9.706416441743593e-11,1100,0.1604848703679167,0.7102722005309063,0.2259484043553433,2.3437616662637853e-10,8.136603047350811e-11,1119,0.16048487038653658,0.7102722005622772,0.22594840437157887,3.085756303597533e-10,9.571430745150833e-11,1104
002B_placement,gyroid_level_set,16,0.39990234375,fraction of transport phase voxels,0.2,0.20024420024420025,0.080078125,low_criticality,20260912,1638,328,ascending baseline local flux-magnitude rank,38fa93b118dafb0bb49923ca07022d85af1b24e11d8d7d4b138dde0a64c3f5ef,1.0,0.1,0.001,1000.0,none,1,1.0,True,True,True,0.39990234375,0.1604848703810111,0.7102722006833823,0.22594840432527416,3.738720647699255e-10,9.706416441743593e-11,1100,0.1604848703679167,0.7102722005309063,0.2259484043553433,2.3437616662637853e-10,8.136603047350811e-11,1119,0.16048487038653658,0.7102722005622772,0.22594840437157887,3.085756303597533e-10,9.571430745150833e-11,1104
002B_placement,gyroid_level_set,16,0.39990234375,fraction of transport phase voxels,0.2,0.20024420024420025,0.080078125,low_criticality,20260913,1638,328,ascending baseline local flux-magnitude rank,38fa93b118dafb0bb49923ca07022d85af1b24e11d8d7d4b138dde0a64c3f5ef,1.0,0.1,0.001,1000.0,none,1,1.0,True,True,True,0.39990234375,0.1604848703810111,0.7102722006833823,0.22594840432527416,3.738720647699255e-10,9.706416441743593e-11,1100,0.1604848703679167,0.7102722005309063,0.2259484043553433,2.3437616662637853e-10,8.136603047350811e-11,1119,0.16048487038653658,0.7102722005622772,0.22594840437157887,3.085756303597533e-10,9.571430745150833e-11,1104
002B_placement,gyroid_level_set,16,0.39990234375,fraction of transport phase voxels,0.2,0.20024420024420025,0.080078125,low_criticality,20260914,1638,328,ascending baseline local flux-magnitude rank,38fa93b118dafb0bb49923ca07022d85af1b24e11d8d7d4b138dde0a64c3f5ef,1.0,0.1,0.001,1000.0,none,1,1.0,True,True,True,0.39990234375,0.1604848703810111,0.7102722006833823,0.22594840432527416,3.738720647699255e-10,9.706416441743593e-11,1100,0.1604848703679167,0.7102722005309063,0.2259484043553433,2.3437616662637853e-10,8.136603047350811e-11,1119,0.16048487038653658,0.7102722005622772,0.22594840437157887,3.085756303597533e-10,9.571430745150833e-11,1104
002B_contrast,gyroid_level_set,16,0.39990234375,fraction of transport phase voxels,0.2,0.20024420024420025,0.080078125,random,20260910,1638,328,seeded uniform sampling without replacement from transport phase,c2d940e854deeb5b8c635635ce754a39994110cd1b161aed21206332be043345,1.0,0.1,0.01,100.0,none,1,1.0,True,True,True,0.39990234375,0.15096340933934432,0.6382701549637043,0.23651961189996257,3.537741082260572e-10,9.287356628149777e-11,555,0.1579306464150446,0.6677274886254746,0.23651961182569675,4.986825072194311e-10,9.209653188866676e-11,540,0.16092399777724103,0.6803833154475869,0.23651961199456803,4.257482587858671e-10,8.576394965286553e-11,542
002B_contrast,gyroid_level_set,16,0.39990234375,fraction of transport phase voxels,0.2,0.20024420024420025,0.080078125,interface,20260910,1638,328,ascending periodic Euclidean distance to matrix interface,b46fc5ae830600e8afd8b7c241ef24be298379cd5bdf8286368f1e4559bed5aa,1.0,0.1,0.01,100.0,none,1,1.0,True,True,True,0.39990234375,0.17518199344775948,0.7406658248782083,0.23651961189996257,3.9824947707715814e-10,9.734950240371337e-11,579,0.17703729561113005,0.7485100040735639,0.23651961182569675,1.6604684987165374e-10,8.743723695098046e-11,565,0.1747857869555165,0.7389906717736823,0.23651961199456803,3.3880594342173305e-10,9.513043616654822e-11,577
002B_contrast,gyroid_level_set,16,0.39990234375,fraction of transport phase voxels,0.2,0.20024420024420025,0.080078125,baseline-flux-ranked,20260910,1638,328,descending baseline local flux-magnitude rank,b86f715587b2323bb4e7dbc2a7f5689fafca3274de1d9981724e85d0c132ba1f,1.0,0.1,0.01,100.0,none,1,1.0,True,True,True,0.39990234375,0.1724102258052313,0.7289468489325666,0.23651961189996257,4.977683337807164e-10,9.993910050191125e-11,567,0.17241022580530935,0.7289468491617818,0.23651961182569675,4.971292206729051e-10,9.964648511449585e-11,567,0.1724102258052576,0.7289468486411065,0.23651961199456803,5.015176900213669e-10,9.637362898484937e-11,567
002B_contrast,gyroid_level_set,16,0.39990234375,fraction of transport phase voxels,0.2,0.20024420024420025,0.080078125,low_criticality,20260910,1638,328,ascending baseline local flux-magnitude rank,3a0f70d4698e474f2286c8e1f0f2a710e99a97275f8f0492a3982dce3686a5a0,1.0,0.1,0.01,100.0,none,1,1.0,True,True,True,0.39990234375,0.17072010970429677,0.721801073208694,0.23651961189996257,5.167993163839904e-10,9.793840115838733e-11,564,0.17072010970442736,0.7218010734358875,0.23651961182569675,5.137330686110446e-10,9.798987746783636e-11,564,0.17072010970427828,0.7218010729199027,0.23651961199456803,5.156955647335764e-10,9.821911200746395e-11,564
002B_contrast,gyroid_level_set,16,0.39990234375,fraction of transport phase voxels,0.2,0.20024420024420025,0.080078125,random,20260910,1638,328,seeded uniform sampling without replacement from transport phase,c2d940e854deeb5b8c635635ce754a39994110cd1b161aed21206332be043345,1.0,0.1,0.001,1000.0,none,1,1.0,True,True,True,0.39990234375,0.1400313722505987,0.6197493302453699,0.22594840432527416,1.732792761783608e-10,9.872443090983686e-11,1035,0.14721523693676505,0.6515436006586858,0.2259484043553433,1.9539052907979165e-10,9.430281084782579e-11,1033,0.15033466674289744,0.6653495392499768,0.22594840437157887,4.302876105092543e-12,9.135554383413426e-11,1029
002B_contrast,gyroid_level_set,16,0.39990234375,fraction of transport phase voxels,0.2,0.20024420024420025,0.080078125,interface,20260910,1638,328,ascending periodic Euclidean distance to matrix interface,b46fc5ae830600e8afd8b7c241ef24be298379cd5bdf8286368f1e4559bed5aa,1.0,0.1,0.001,1000.0,none,1,1.0,True,True,True,0.39990234375,0.1642993493806495,0.7271542805149666,0.22594840432527416,1.546692755625229e-10,9.429650129127514e-11,1069,0.16614925793908691,0.7353415856736399,0.2259484043553433,1.287042564309699e-10,9.369291150272528e-11,1070,0.16384705227484028,0.7251525087355294,0.22594840437157887,3.471704784675735e-10,9.59276445377553e-11,1073
002B_contrast,gyroid_level_set,16,0.39990234375,fraction of transport phase voxels,0.2,0.20024420024420025,0.080078125,baseline-flux-ranked,20260910,1638,328,descending baseline local flux-magnitude rank,b86f715587b2323bb4e7dbc2a7f5689fafca3274de1d9981724e85d0c132ba1f,1.0,0.1,0.001,1000.0,none,1,1.0,True,True,True,0.39990234375,0.16135921246290247,0.7141418543970356,0.22594840432527416,2.1649007414126241e-10,8.679802054285464e-11,1095,0.16135921245991822,0.7141418542887902,0.2259484043553433,2.1765648141374704e-10,9.461321798576264e-11,1095,0.16135921249252713,0.7141418543817956,0.22594840437157887,1.6851050195198854e-10,9.129092584806691e-11,1092
002B_contrast,gyroid_level_set,16,0.39990234375,fraction of transport phase voxels,0.2,0.20024420024420025,0.080078125,low_criticality,20260910,1638,328,ascending baseline local flux-magnitude rank,38fa93b118dafb0bb49923ca07022d85af1b24e11d8d7d4b138dde0a64c3f5ef,1.0,0.1,0.001,1000.0,none,1,1.0,True,True,True,0.39990234375,0.1604848703810111,0.7102722006833823,0.22594840432527416,3.738720647699255e-10,9.706416441743593e-11,1100,0.1604848703679167,0.7102722005309063,0.2259484043553433,2.3437616662637853e-10,8.136603047350811e-11,1119,0.16048487038653658,0.7102722005622772,0.22594840437157887,3.085756303597533e-10,9.571430745150833e-11,1104
002B_contrast,gyroid_level_set,16,0.39990234375,fraction of transport phase voxels,0.2,0.20024420024420025,0.080078125,random,20260910,1638,328,seeded uniform sampling without replacement from transport phase,c2d940e854deeb5b8c635635ce754a39994110cd1b161aed21206332be043345,1.0,0.1,0.0001,10000.0,none,1,1.0,True,True,True,0.39990234375,0.13891843152646074,0.6177391551342347,0.22488202402561608,5.218924303047051e-10,9.340700314357846e-11,1461,0.14612509186522188,0.6497855600519307,0.2248820239303927,5.672145810996451e-10,9.488817260285194e-11,1436,0.14925779772609993,0.6637160010829213,0.22488202406235558,1.772879613869042e-11,9.75877857346539e-11,1433
002B_contrast,gyroid_level_set,16,0.39990234375,fraction of transport phase voxels,0.2,0.20024420024420025,0.080078125,interface,20260910,1638,328,ascending periodic Euclidean distance to matrix interface,b46fc5ae830600e8afd8b7c241ef24be298379cd5bdf8286368f1e4559bed5aa,1.0,0.1,0.0001,10000.0,none,1,1.0,True,True,True,0.39990234375,0.16318284127887658,0.7256375514491483,0.22488202402561608,6.881363009747988e-10,9.087752786670458e-11,1518,0.16503290927882888,0.7338643898451892,0.2248820239303927,2.1897994520045183e-10,9.229574543700288e-11,1474,0.16272494238712215,0.7236013775027281,0.22488202406235558,2.6851953298970913e-10,8.713486012573262e-11,1478
002B_contrast,gyroid_level_set,16,0.39990234375,fraction of transport phase voxels,0.2,0.20024420024420025,0.080078125,baseline-flux-ranked,20260910,1638,328,descending baseline local flux-magnitude rank,b86f715587b2323bb4e7dbc2a7f5689fafca3274de1d9981724e85d0c132ba1f,1.0,0.1,0.0001,10000.0,none,1,1.0,True,True,True,0.39990234375,0.1602234838719689,0.712477951789148,0.22488202402561608,3.509921279917402e-10,9.296610139446784e-11,1506,0.1602234840470758,0.7124779528694987,0.2248820239303927,6.913274687196032e-10,8.639964679821386e-11,1500,0.1602234840372492,0.7124779524077133,0.22488202406235558,1.1501854792171359e-09,9.797420895661043e-11,1489
002B_contrast,gyroid_level_set,16,0.39990234375,fraction of transport phase voxels,0.2,0.20024420024420025,0.080078125,low_criticality,20260910,1638,328,ascending baseline local flux-magnitude rank,38fa93b118dafb0bb49923ca07022d85af1b24e11d8d7d4b138dde0a64c3f5ef,1.0,0.1,0.0001,10000.0,none,1,1.0,True,True,True,0.39990234375,0.1594496124344955,0.7090367188100938,0.22488202402561608,1.824002338926603e-09,9.969239705104938e-11,1541,0.15944961233314486,0.7090367186596426,0.2248820239303927,1.1889288560616955e-09,8.800826585273149e-11,1542,0.1594496122604429,0.7090367179202839,0.22488202406235558,3.2955287288051775e-10,8.950095115844375e-11,1542
grid_baseline,lamellae,16,0.39990234375,fraction of transport phase voxels,0.0,0.0,0.0,random,20260910,1638,0,seeded uniform sampling without replacement from transport phase,ad7facb2586fc6e966c004d7d1d16b024f5805ff7cb47c7a85dabd8b48892ca7,1.0,0.1,0.001,1000.0,none,1,1.0,False,True,True,0.39990234375,0.0016868634761104395,1.0,0.0016868634761104395,3.707898692944552e-08,9.909475536761628e-11,773,0.39347049172541093,1.0,0.39347049172541093,1.0418538574791106e-11,9.681313615123226e-11,869,0.40025307822974265,1.0,0.40025307822974265,1.517537688100412e-10,7.99352984717088e-11,923
grid_moderate_random,lamellae,16,0.39990234375,fraction of transport phase voxels,0.2,0.20024420024420025,0.080078125,random,20260910,1638,328,seeded uniform sampling without replacement from transport phase,32d792de09fad88bea7f857e345c746c4aa065ee7625a17f0dab90f7cfd50334,1.0,0.1,0.001,1000.0,none,1,1.0,False,True,True,0.39990234375,0.0016860695647850864,0.999529356503003,0.0016868634761104395,3.4176255591388113e-08,9.284383441318548e-11,936,0.25814041571222335,0.6560604191187236,0.39347049172541093,6.309027651202334e-10,9.950099174532475e-11,1027,0.2626433995903855,0.6561933283611873,0.40025307822974265,3.2001117708522335e-10,8.892449166460609e-11,1040
grid_baseline,cylinders,16,0.39990234375,fraction of transport phase voxels,0.0,0.0,0.0,random,20260910,1638,0,seeded uniform sampling without replacement from transport phase,ad7facb2586fc6e966c004d7d1d16b024f5805ff7cb47c7a85dabd8b48892ca7,1.0,0.1,0.001,1000.0,none,4,0.2576312576312576,False,False,True,0.39990234375,0.0027774099336321263,1.0,0.0027774099336321263,1.1312278451922374e-10,2.91825683051878e-12,672,0.002603998999445278,1.0,0.002603998999445278,8.50616054241142e-11,2.8635220711782364e-12,711,0.40017111196787913,1.0,0.40017111196787913,2.6171915407976887e-10,8.20886694295831e-11,617
grid_moderate_random,cylinders,16,0.39990234375,fraction of transport phase voxels,0.2,0.20024420024420025,0.080078125,random,20260910,1638,328,seeded uniform sampling without replacement from transport phase,a26bcfbd6ef97fc46cb98b70254530a68cc0d3b1a030079aebb4d0b93f4bbdd7,1.0,0.1,0.001,1000.0,none,4,0.2576312576312576,False,False,True,0.39990234375,0.0027703212685036838,0.9974477425738979,0.0027774099336321263,2.704320649322651e-11,2.944795091071644e-12,1002,0.002593395053294042,0.9959278224939814,0.002603998999445278,2.6546992084200573e-11,2.4137053735018693e-12,1032,0.2558539224223535,0.6393613001302562,0.40017111196787913,8.026845820472346e-10,9.519973477470316e-11,783
grid_baseline,gyroid_level_set,16,0.39990234375,fraction of transport phase voxels,0.0,0.0,0.0,random,20260910,1638,0,seeded uniform sampling without replacement from transport phase,ad7facb2586fc6e966c004d7d1d16b024f5805ff7cb47c7a85dabd8b48892ca7,1.0,0.1,0.001,1000.0,none,1,1.0,True,True,True,0.39990234375,0.22594840432527416,1.0,0.22594840432527416,4.0180272127795653e-10,8.353975103823228e-11,921,0.2259484043553433,1.0,0.2259484043553433,1.8804298808404064e-10,9.445409989971876e-11,905,0.22594840437157887,1.0,0.22594840437157887,1.5138104714346262e-11,7.938877320167707e-11,921
grid_moderate_random,gyroid_level_set,16,0.39990234375,fraction of transport phase voxels,0.2,0.20024420024420025,0.080078125,random,20260910,1638,328,seeded uniform sampling without replacement from transport phase,c2d940e854deeb5b8c635635ce754a39994110cd1b161aed21206332be043345,1.0,0.1,0.001,1000.0,none,1,1.0,True,True,True,0.39990234375,0.1400313722505987,0.6197493302453699,0.22594840432527416,1.732792761783608e-10,9.872443090983686e-11,1035,0.14721523693676505,0.6515436006586858,0.2259484043553433,1.9539052907979165e-10,9.430281084782579e-11,1033,0.15033466674289744,0.6653495392499768,0.22594840437157887,4.302876105092543e-12,9.135554383413426e-11,1029
grid_placement_comparison,gyroid_level_set,16,0.39990234375,fraction of transport phase voxels,0.2,0.20024420024420025,0.080078125,random,20260910,1638,328,seeded uniform sampling without replacement from transport phase,c2d940e854deeb5b8c635635ce754a39994110cd1b161aed21206332be043345,1.0,0.1,0.001,1000.0,none,1,1.0,True,True,True,0.39990234375,0.1400313722505987,0.6197493302453699,0.22594840432527416,1.732792761783608e-10,9.872443090983686e-11,1035,0.14721523693676505,0.6515436006586858,0.2259484043553433,1.9539052907979165e-10,9.430281084782579e-11,1033,0.15033466674289744,0.6653495392499768,0.22594840437157887,4.302876105092543e-12,9.135554383413426e-11,1029
grid_placement_comparison,gyroid_level_set,16,0.39990234375,fraction of transport phase voxels,0.2,0.20024420024420025,0.080078125,interface,20260910,1638,328,ascending periodic Euclidean distance to matrix interface,b46fc5ae830600e8afd8b7c241ef24be298379cd5bdf8286368f1e4559bed5aa,1.0,0.1,0.001,1000.0,none,1,1.0,True,True,True,0.39990234375,0.1642993493806495,0.7271542805149666,0.22594840432527416,1.546692755625229e-10,9.429650129127514e-11,1069,0.16614925793908691,0.7353415856736399,0.2259484043553433,1.287042564309699e-10,9.369291150272528e-11,1070,0.16384705227484028,0.7251525087355294,0.22594840437157887,3.471704784675735e-10,9.59276445377553e-11,1073
grid_placement_comparison,gyroid_level_set,16,0.39990234375,fraction of transport phase voxels,0.2,0.20024420024420025,0.080078125,baseline-flux-ranked,20260910,1638,328,descending baseline local flux-magnitude rank,b86f715587b2323bb4e7dbc2a7f5689fafca3274de1d9981724e85d0c132ba1f,1.0,0.1,0.001,1000.0,none,1,1.0,True,True,True,0.39990234375,0.16135921246290247,0.7141418543970356,0.22594840432527416,2.1649007414126241e-10,8.679802054285464e-11,1095,0.16135921245991822,0.7141418542887902,0.2259484043553433,2.1765648141374704e-10,9.461321798576264e-11,1095,0.16135921249252713,0.7141418543817956,0.22594840437157887,1.6851050195198854e-10,9.129092584806691e-11,1092
grid_placement_comparison,gyroid_level_set,16,0.39990234375,fraction of transport phase voxels,0.2,0.20024420024420025,0.080078125,low_criticality,20260910,1638,328,ascending baseline local flux-magnitude rank,38fa93b118dafb0bb49923ca07022d85af1b24e11d8d7d4b138dde0a64c3f5ef,1.0,0.1,0.001,1000.0,none,1,1.0,True,True,True,0.39990234375,0.1604848703810111,0.7102722006833823,0.22594840432527416,3.738720647699255e-10,9.706416441743593e-11,1100,0.1604848703679167,0.7102722005309063,0.2259484043553433,2.3437616662637853e-10,8.136603047350811e-11,1119,0.16048487038653658,0.7102722005622772,0.22594840437157887,3.085756303597533e-10,9.571430745150833e-11,1104
grid_baseline,lamellae,24,0.4000289351851852,fraction of transport phase voxels,0.0,0.0,0.0,random,20260910,5530,0,seeded uniform sampling without replacement from transport phase,299407adb3f1bd645191cfecb3c33a47510b1dfba3c0a936d741bdd8513526c0,1.0,0.1,0.001,1000.0,none,1,1.0,False,True,True,0.4000289351851852,0.0016758812140249362,1.0,0.0016758812140249362,2.496692825012469e-08,9.760941669882712e-11,1463,0.3970855407091241,1.0,0.3970855407091241,8.177484548346625e-11,9.108633201075184e-11,1630,0.4005545841485173,1.0,0.4005545841485173,2.3084336655808133e-10,9.841325899880123e-11,1696
grid_moderate_random,lamellae,24,0.4000289351851852,fraction of transport phase voxels,0.2,0.2,0.08000578703703703,random,20260910,5530,1106,seeded uniform sampling without replacement from transport phase,4a46b4831544d2e0ee77e9cd701a6185a8af4c5e4f1750ccf9e1f7070a302e54,1.0,0.1,0.001,1000.0,none,1,1.0,False,True,True,0.4000289351851852,0.0016751905284563932,0.9995878672290358,0.0016758812140249362,9.019749050393499e-10,9.320442971440403e-11,1656,0.25973472541839293,0.6541027027943473,0.3970855407091241,1.2695340078671608e-10,9.7582558361713e-11,1826,0.26099989406766827,0.651596322689681,0.4005545841485173,2.1163443578782246e-10,7.508832285380935e-11,1871
grid_baseline,cylinders,24,0.4000289351851852,fraction of transport phase voxels,0.0,0.0,0.0,random,20260910,5530,0,seeded uniform sampling without replacement from transport phase,299407adb3f1bd645191cfecb3c33a47510b1dfba3c0a936d741bdd8513526c0,1.0,0.1,0.001,1000.0,none,4,0.2560578661844485,False,False,True,0.4000289351851852,0.002466537703986721,1.0,0.002466537703986721,1.8449572934108118e-11,3.868839110718474e-12,1438,0.002468871096068373,1.0,0.002468871096068373,5.7858051047424255e-11,4.469635072346775e-12,1720,0.40054982838333064,1.0,0.40054982838333064,9.077334795369157e-12,9.748256700110081e-11,1192
grid_moderate_random,cylinders,24,0.4000289351851852,fraction of transport phase voxels,0.2,0.2,0.08000578703703703,random,20260910,5530,1106,seeded uniform sampling without replacement from transport phase,888114ee22a564eea9dfc9b7aa7680d6fee4fdc970ed325561e7053b3fa6a335,1.0,0.1,0.001,1000.0,none,4,0.2560578661844485,False,False,True,0.4000289351851852,0.0024622614040353172,0.9982662742416255,0.002466537703986721,2.678280696392987e-11,4.1081141556993555e-12,1924,0.0024642069490195895,0.9981108179134135,0.002468871096068373,4.380605284943415e-11,4.2293823226271775e-12,2107,0.25713694321273245,0.6419599385438995,0.40054982838333064,2.7382397906453037e-10,9.640144056214273e-11,1402
grid_baseline,gyroid_level_set,24,0.4000289351851852,fraction of transport phase voxels,0.0,0.0,0.0,random,20260910,5530,0,seeded uniform sampling without replacement from transport phase,299407adb3f1bd645191cfecb3c33a47510b1dfba3c0a936d741bdd8513526c0,1.0,0.1,0.001,1000.0,none,1,1.0,True,True,True,0.4000289351851852,0.23771798068251387,1.0,0.23771798068251387,2.2641057053419117e-10,9.114740255097943e-11,1637,0.2378397623940503,1.0,0.2378397623940503,3.5459663161127177e-09,8.991544198523681e-11,1639,0.23759208450823194,1.0,0.23759208450823194,4.031235632370648e-09,9.421269173098045e-11,1635
grid_moderate_random,gyroid_level_set,24,0.4000289351851852,fraction of transport phase voxels,0.2,0.2,0.08000578703703703,random,20260910,5530,1106,seeded uniform sampling without replacement from transport phase,c5032cc12d4a9e747fd4171257a1df4fddac2bfe19ba9e20d7bf0bcb822bc6b7,1.0,0.1,0.001,1000.0,none,1,1.0,True,True,True,0.4000289351851852,0.1529589995956257,0.6434473284539267,0.23771798068251387,3.5535829596457496e-10,9.493374424643687e-11,1757,0.15402773528389396,0.6476113738656638,0.2378397623940503,1.1921300857690577e-09,9.426762107673787e-11,1755,0.1531826464077992,0.6447295865300252,0.23759208450823194,8.132915830267465e-10,9.162673400637352e-11,1782
grid_placement_comparison,gyroid_level_set,24,0.4000289351851852,fraction of transport phase voxels,0.2,0.2,0.08000578703703703,random,20260910,5530,1106,seeded uniform sampling without replacement from transport phase,c5032cc12d4a9e747fd4171257a1df4fddac2bfe19ba9e20d7bf0bcb822bc6b7,1.0,0.1,0.001,1000.0,none,1,1.0,True,True,True,0.4000289351851852,0.1529589995956257,0.6434473284539267,0.23771798068251387,3.5535829596457496e-10,9.493374424643687e-11,1757,0.15402773528389396,0.6476113738656638,0.2378397623940503,1.1921300857690577e-09,9.426762107673787e-11,1755,0.1531826464077992,0.6447295865300252,0.23759208450823194,8.132915830267465e-10,9.162673400637352e-11,1782
grid_placement_comparison,gyroid_level_set,24,0.4000289351851852,fraction of transport phase voxels,0.2,0.2,0.08000578703703703,interface,20260910,5530,1106,ascending periodic Euclidean distance to matrix interface,37b5df0ced727b961dd49358600e9f561635dce14cd64e0e7270ea0c5e6c3625,1.0,0.1,0.001,1000.0,none,1,1.0,True,True,True,0.4000289351851852,0.180875595276957,0.760883105087986,0.23771798068251387,4.0388982746715906e-10,9.987251438674398e-11,1830,0.1806796313357945,0.7596695755037229,0.2378397623940503,8.100089463545128e-10,9.41388041740466e-11,1851,0.18043500458346962,0.7594318849339361,0.23759208450823194,1.6478260312801546e-10,8.825686588602298e-11,1863
grid_placement_comparison,gyroid_level_set,24,0.4000289351851852,fraction of transport phase voxels,0.2,0.2,0.08000578703703703,baseline-flux-ranked,20260910,5530,1106,descending baseline local flux-magnitude rank,ac7388f3261c33be9f2d7b644d7808d585d18e357e3a0a291e724063ab720137,1.0,0.1,0.001,1000.0,none,1,1.0,True,True,True,0.4000289351851852,0.17442188361812852,0.7337344996678188,0.23771798068251387,4.1691751754738313e-10,9.051870473936459e-11,1877,0.17434768128193623,0.7330468191146227,0.2378397623940503,2.421373457563236e-10,9.402564157804298e-11,1876,0.17423639629320395,0.7333425970559516,0.23759208450823194,2.989007094131871e-10,8.949772322945734e-11,1878
grid_placement_comparison,gyroid_level_set,24,0.4000289351851852,fraction of transport phase voxels,0.2,0.2,0.08000578703703703,low_criticality,20260910,5530,1106,ascending baseline local flux-magnitude rank,031ae752f5500abf6f9e4967433603103775034cecd1799faf83d2dd256c889e,1.0,0.1,0.001,1000.0,none,1,1.0,True,True,True,0.4000289351851852,0.1700597759450778,0.7153845723273347,0.23771798068251387,8.955689543878264e-11,9.571025615992728e-11,1959,0.17005842527566667,0.7150125932009457,0.2378397623940503,3.178136681971507e-10,8.673168827818039e-11,1960,0.1703417559653219,0.7169504670910869,0.23759208450823194,6.16201155538466e-11,9.388443409576635e-11,1939
grid_baseline,lamellae,32,0.399993896484375,fraction of transport phase voxels,0.0,0.0,0.0,random,20260910,13107,0,seeded uniform sampling without replacement from transport phase,c35020473aed1b4642cd726cad727b63fff2824ad68cedd7ffb73c7cbd890479,1.0,0.1,0.001,1000.0,none,1,1.0,False,True,True,0.399993896484375,0.0016706799328399177,1.0,0.0016706799328399177,1.423799894206956e-07,9.383502659426916e-11,2142,0.3986573114637915,1.0,0.3986573114637915,1.5033227381564473e-10,9.714398974505896e-11,2438,0.40056248202357025,1.0,0.40056248202357025,1.0165839257522094e-10,9.851638016671822e-11,2450
grid_moderate_random,lamellae,32,0.399993896484375,fraction of transport phase voxels,0.2,0.19996948195620662,0.079986572265625,random,20260910,13107,2621,seeded uniform sampling without replacement from transport phase,c5cef52b0de93306c0b4b14b4d58d35d17b1c42cd66c5e5c17a184dff5ec234b,1.0,0.1,0.001,1000.0,none,1,1.0,False,True,True,0.399993896484375,0.0016700297998576514,0.9996108572506996,0.0016706799328399177,8.07741920366024e-08,9.944506685732898e-11,2396,0.25993334209657387,0.6520220114417307,0.3986573114637915,1.8879635185203365e-10,9.780819411074886e-11,2644,0.26083555826682364,0.6511732126012624,0.40056248202357025,2.916304707428342e-10,9.946676863042711e-11,2572
grid_baseline,cylinders,32,0.399993896484375,fraction of transport phase voxels,0.0,0.0,0.0,random,20260910,13107,0,seeded uniform sampling without replacement from transport phase,c35020473aed1b4642cd726cad727b63fff2824ad68cedd7ffb73c7cbd890479,1.0,0.1,0.001,1000.0,none,4,0.2553597314412146,False,False,True,0.399993896484375,0.002370773280040572,1.0,0.002370773280040572,1.539471021349382e-10,5.926352310131692e-12,2216,0.002355486977378556,1.0,0.002355486977378556,5.760300638137649e-11,6.0088710135622916e-12,2441,0.40056110572471537,1.0,0.40056110572471537,3.6438613106597287e-10,8.878863831350744e-11,1714
grid_moderate_random,cylinders,32,0.399993896484375,fraction of transport phase voxels,0.2,0.19996948195620662,0.079986572265625,random,20260910,13107,2621,seeded uniform sampling without replacement from transport phase,6e4299b57d9e75ab5a41864e286ed7a8d7926983b34fb4d0be3fb5a19a81b032,1.0,0.1,0.001,1000.0,none,4,0.2553597314412146,False,False,True,0.399993896484375,0.00236737809002534,0.9985678976375278,0.002370773280040572,9.929357728118416e-11,6.4281673747974815e-12,2766,0.0023522044028972946,0.9986064136576486,0.002355486977378556,3.581557132595326e-11,6.229829711654917e-12,2967,0.2585829853755888,0.6455519062634587,0.40056110572471537,4.568913435226699e-10,8.507640639906129e-11,1978
grid_baseline,gyroid_level_set,32,0.399993896484375,fraction of transport phase voxels,0.0,0.0,0.0,random,20260910,13107,0,seeded uniform sampling without replacement from transport phase,c35020473aed1b4642cd726cad727b63fff2824ad68cedd7ffb73c7cbd890479,1.0,0.1,0.001,1000.0,none,1,1.0,True,True,True,0.399993896484375,0.24188575522900438,1.0,0.24188575522900438,5.262397558487509e-10,9.893373938617924e-11,2441,0.24184636862066533,1.0,0.24184636862066533,2.338880473401856e-10,9.718919473888606e-11,2440,0.2418487749794467,1.0,0.2418487749794467,9.531050133615779e-11,9.864357190384152e-11,2440
grid_moderate_random,gyroid_level_set,32,0.399993896484375,fraction of transport phase voxels,0.2,0.19996948195620662,0.079986572265625,random,20260910,13107,2621,seeded uniform sampling without replacement from transport phase,f64cb2f13a59d8d3e7a8f3375b9f326cb81b83b6a971ca26f500ae4fd2e4062a,1.0,0.1,0.001,1000.0,none,1,1.0,True,True,True,0.399993896484375,0.15599302340726456,0.6449037201863284,0.24188575522900438,1.1633748480683864e-09,9.944626553764669e-11,2585,0.15830259751912307,0.6545585051451395,0.24184636862066533,3.803847110050187e-10,9.558358525147305e-11,2577,0.15646647229789054,0.6469599538438336,0.2418487749794467,8.329858307351547e-11,9.25837482944958e-11,2591
grid_placement_comparison,gyroid_level_set,32,0.399993896484375,fraction of transport phase voxels,0.2,0.19996948195620662,0.079986572265625,random,20260910,13107,2621,seeded uniform sampling without replacement from transport phase,f64cb2f13a59d8d3e7a8f3375b9f326cb81b83b6a971ca26f500ae4fd2e4062a,1.0,0.1,0.001,1000.0,none,1,1.0,True,True,True,0.399993896484375,0.15599302340726456,0.6449037201863284,0.24188575522900438,1.1633748480683864e-09,9.944626553764669e-11,2585,0.15830259751912307,0.6545585051451395,0.24184636862066533,3.803847110050187e-10,9.558358525147305e-11,2577,0.15646647229789054,0.6469599538438336,0.2418487749794467,8.329858307351547e-11,9.25837482944958e-11,2591
grid_placement_comparison,gyroid_level_set,32,0.399993896484375,fraction of transport phase voxels,0.2,0.19996948195620662,0.079986572265625,interface,20260910,13107,2621,ascending periodic Euclidean distance to matrix interface,9c62d133eefc079b9784458a53d25c41492bd1d182e00943b9dd8e8f233dc3ae,1.0,0.1,0.001,1000.0,none,1,1.0,True,True,True,0.399993896484375,0.18777926067423878,0.7763138449242681,0.24188575522900438,7.112213187612587e-10,9.866736175457765e-11,2725,0.1873301906272795,0.7745834336719186,0.24184636862066533,1.2811186064082897e-10,9.619102827043357e-11,2674,0.18817286486807383,0.7780600289749887,0.2418487749794467,5.871610957291725e-10,9.743834364317809e-11,2678
grid_placement_comparison,gyroid_level_set,32,0.399993896484375,fraction of transport phase voxels,0.2,0.19996948195620662,0.079986572265625,baseline-flux-ranked,20260910,13107,2621,descending baseline local flux-magnitude rank,a464bca27aa71ecdc5a3129a778a9b7328c58e9e4de2c3cd0360683cf312876b,1.0,0.1,0.001,1000.0,none,1,1.0,True,True,True,0.399993896484375,0.17278014936442376,0.7143047725189309,0.24188575522900438,3.369804766188485e-10,9.902162876877787e-11,2729,0.17277809047581452,0.7144125895345403,0.24184636862066533,7.584785620921814e-10,9.744972798120618e-11,2752,0.17280490604602883,0.7145163586655111,0.2418487749794467,1.091580215817298e-09,9.867059413710462e-11,2731
grid_placement_comparison,gyroid_level_set,32,0.399993896484375,fraction of transport phase voxels,0.2,0.19996948195620662,0.079986572265625,low_criticality,20260910,13107,2621,ascending baseline local flux-magnitude rank,0d0af705e849ba6a5730c48ddcc472ff8c131ea116f1534a9a8a8b24459035fe,1.0,0.1,0.001,1000.0,none,1,1.0,True,True,True,0.399993896484375,0.17731402924671322,0.7330486620795088,0.24188575522900438,1.1369097574263929e-09,9.017185694027568e-11,2843,0.17721592749265605,0.7327624082320551,0.24184636862066533,2.623917553123881e-10,9.694388093473544e-11,2841,0.17779926366341667,0.7351671046443249,0.2418487749794467,1.7553429285792718e-10,9.52366208252242e-11,2870
